Year,Social Security,Social Security (GDP),Medicare,Medicare (GDP),Medicaid,Medicaid (GDP),Income security,Income security (GDP),Major health care programs,Major health care programs (GDP),Male Total Below Poverty Percent,Male Under 18 Below Poverty Percent,Male 18 to 64 Below Poverty Percent,Male 64 and Over Below Poverty Percent,Female Total Below Poverty Percent,Female Under 18 Below Poverty Percent,Female 18 to 64 Below Poverty Percent,Female 64 and Over Below Poverty Percent,Race,Sex,Average Life Expectancy (Years),Age-adjusted Death Rate,All Families Below Poverty (With and Without Children) Percent,All Families Below Poverty (Without Children) Percent
1966,20.3,2.6,0.0,0.0,0.8,0.1,5.2,0.7,0.8,0.1,13.0,16.6,8.4,23.5,16.3,17.8,12.1,32.0,All Races,Both Sexes,70.2,"1,309.0",11.8,13.4
1966,20.3,2.6,0.0,0.0,0.8,0.1,5.2,0.7,0.8,0.1,13.0,16.6,8.4,23.5,16.3,17.8,12.1,32.0,All Races,Female,73.9,"1,055.3",11.8,13.4
1966,20.3,2.6,0.0,0.0,0.8,0.1,5.2,0.7,0.8,0.1,13.0,16.6,8.4,23.5,16.3,17.8,12.1,32.0,All Races,Male,66.7,"1,624.2",11.8,13.4
1966,20.3,2.6,0.0,0.0,0.8,0.1,5.2,0.7,0.8,0.1,13.0,16.6,8.4,23.5,16.3,17.8,12.1,32.0,Black,Both Sexes,64.2,"1,529.7",11.8,13.4
1966,20.3,2.6,0.0,0.0,0.8,0.1,5.2,0.7,0.8,0.1,13.0,16.6,8.4,23.5,16.3,17.8,12.1,32.0,Black,Female,67.6,"1,274.6",11.8,13.4
1966,20.3,2.6,0.0,0.0,0.8,0.1,5.2,0.7,0.8,0.1,13.0,16.6,8.4,23.5,16.3,17.8,12.1,32.0,Black,Male,60.9,"1,832.4",11.8,13.4
1966,20.3,2.6,0.0,0.0,0.8,0.1,5.2,0.7,0.8,0.1,13.0,16.6,8.4,23.5,16.3,17.8,12.1,32.0,White,Both Sexes,71.1,"1,278.7",11.8,13.4
1966,20.3,2.6,0.0,0.0,0.8,0.1,5.2,0.7,0.8,0.1,13.0,16.6,8.4,23.5,16.3,17.8,12.1,32.0,White,Female,74.8,"1,024.7",11.8,13.4
1966,20.3,2.6,0.0,0.0,0.8,0.1,5.2,0.7,0.8,0.1,13.0,16.6,8.4,23.5,16.3,17.8,12.1,32.0,White,Male,67.5,"1,595.7",11.8,13.4
1967,21.3,2.5,3.2,0.4,1.2,0.1,5.2,0.6,3.7,0.4,12.5,15.2,7.5,22.1,15.8,15.7,11.3,32.3,All Races,Both Sexes,70.5,"1,274.0",11.4,12.4
1967,21.3,2.5,3.2,0.4,1.2,0.1,5.2,0.6,3.7,0.4,12.5,15.2,7.5,22.1,15.8,15.7,11.3,32.3,All Races,Female,74.3,"1,020.5",11.4,12.4
1967,21.3,2.5,3.2,0.4,1.2,0.1,5.2,0.6,3.7,0.4,12.5,15.2,7.5,22.1,15.8,15.7,11.3,32.3,All Races,Male,67.0,"1,591.8",11.4,12.4
1967,21.3,2.5,3.2,0.4,1.2,0.1,5.2,0.6,3.7,0.4,12.5,15.2,7.5,22.1,15.8,15.7,11.3,32.3,Black,Both Sexes,64.9,"1,466.9",11.4,12.4
1967,21.3,2.5,3.2,0.4,1.2,0.1,5.2,0.6,3.7,0.4,12.5,15.2,7.5,22.1,15.8,15.7,11.3,32.3,Black,Female,68.5,"1,209.7",11.4,12.4
1967,21.3,2.5,3.2,0.4,1.2,0.1,5.2,0.6,3.7,0.4,12.5,15.2,7.5,22.1,15.8,15.7,11.3,32.3,Black,Male,61.4,"1,767.2",11.4,12.4
1967,21.3,2.5,3.2,0.4,1.2,0.1,5.2,0.6,3.7,0.4,12.5,15.2,7.5,22.1,15.8,15.7,11.3,32.3,White,Both Sexes,71.4,"1,246.4",11.4,12.4
1967,21.3,2.5,3.2,0.4,1.2,0.1,5.2,0.6,3.7,0.4,12.5,15.2,7.5,22.1,15.8,15.7,11.3,32.3,White,Female,75.2,992.9,11.4,12.4
1967,21.3,2.5,3.2,0.4,1.2,0.1,5.2,0.6,3.7,0.4,12.5,15.2,7.5,22.1,15.8,15.7,11.3,32.3,White,Male,67.8,"1,566.9",11.4,12.4
1968,23.3,2.6,5.1,0.6,1.8,0.2,5.9,0.7,6.2,0.7,11.3,15.1,7.2,20.3,14.3,15.6,10.8,28.5,All Races,Both Sexes,70.2,"1,304.5",10.0,11.4
1968,23.3,2.6,5.1,0.6,1.8,0.2,5.9,0.7,6.2,0.7,11.3,15.1,7.2,20.3,14.3,15.6,10.8,28.5,All Races,Female,74.1,"1,043.5",10.0,11.4
1968,23.3,2.6,5.1,0.6,1.8,0.2,5.9,0.7,6.2,0.7,11.3,15.1,7.2,20.3,14.3,15.6,10.8,28.5,All Races,Male,66.6,"1,635.2",10.0,11.4
1968,23.3,2.6,5.1,0.6,1.8,0.2,5.9,0.7,6.2,0.7,11.3,15.1,7.2,20.3,14.3,15.6,10.8,28.5,Black,Both Sexes,64.1,"1,615.6",10.0,11.4
1968,23.3,2.6,5.1,0.6,1.8,0.2,5.9,0.7,6.2,0.7,11.3,15.1,7.2,20.3,14.3,15.6,10.8,28.5,Black,Female,67.9,"1,325.6",10.0,11.4
1968,23.3,2.6,5.1,0.6,1.8,0.2,5.9,0.7,6.2,0.7,11.3,15.1,7.2,20.3,14.3,15.6,10.8,28.5,Black,Male,60.4,"1,976.8",10.0,11.4
1968,23.3,2.6,5.1,0.6,1.8,0.2,5.9,0.7,6.2,0.7,11.3,15.1,7.2,20.3,14.3,15.6,10.8,28.5,White,Both Sexes,71.1,"1,271.4",10.0,11.4
1968,23.3,2.6,5.1,0.6,1.8,0.2,5.9,0.7,6.2,0.7,11.3,15.1,7.2,20.3,14.3,15.6,10.8,28.5,White,Female,75.0,"1,012.2",10.0,11.4
1968,23.3,2.6,5.1,0.6,1.8,0.2,5.9,0.7,6.2,0.7,11.3,15.1,7.2,20.3,14.3,15.6,10.8,28.5,White,Male,67.5,"1,602.7",10.0,11.4
1969,26.7,2.7,6.3,0.6,2.3,0.2,6.5,0.7,7.7,0.8,10.6,13.9,6.9,20.5,13.6,14.0,10.2,29.4,All Races,Both Sexes,70.5,"1,271.8",9.7,10.8
1969,26.7,2.7,6.3,0.6,2.3,0.2,6.5,0.7,7.7,0.8,10.6,13.9,6.9,20.5,13.6,14.0,10.2,29.4,All Races,Female,74.4,"1,013.4",9.7,10.8
1969,26.7,2.7,6.3,0.6,2.3,0.2,6.5,0.7,7.7,0.8,10.6,13.9,6.9,20.5,13.6,14.0,10.2,29.4,All Races,Male,66.8,"1,601.4",9.7,10.8
1969,26.7,2.7,6.3,0.6,2.3,0.2,6.5,0.7,7.7,0.8,10.6,13.9,6.9,20.5,13.6,14.0,10.2,29.4,Black,Both Sexes,64.5,"1,570.4",9.7,10.8
1969,26.7,2.7,6.3,0.6,2.3,0.2,6.5,0.7,7.7,0.8,10.6,13.9,6.9,20.5,13.6,14.0,10.2,29.4,Black,Female,68.6,"1,274.9",9.7,10.8
1969,26.7,2.7,6.3,0.6,2.3,0.2,6.5,0.7,7.7,0.8,10.6,13.9,6.9,20.5,13.6,14.0,10.2,29.4,Black,Male,60.6,"1,934.4",9.7,10.8
1969,26.7,2.7,6.3,0.6,2.3,0.2,6.5,0.7,7.7,0.8,10.6,13.9,6.9,20.5,13.6,14.0,10.2,29.4,White,Both Sexes,71.4,"1,240.2",9.7,10.8
1969,26.7,2.7,6.3,0.6,2.3,0.2,6.5,0.7,7.7,0.8,10.6,13.9,6.9,20.5,13.6,14.0,10.2,29.4,White,Female,75.3,984.2,9.7,10.8
1969,26.7,2.7,6.3,0.6,2.3,0.2,6.5,0.7,7.7,0.8,10.6,13.9,6.9,20.5,13.6,14.0,10.2,29.4,White,Male,67.7,"1,570.4",9.7,10.8
1970,29.6,2.8,6.8,0.6,2.7,0.3,8.2,0.8,8.6,0.8,11.1,15.2,7.1,19.1,14.0,14.9,10.7,28.5,All Races,Both Sexes,70.8,"1,222.6",10.1,11.6
1970,29.6,2.8,6.8,0.6,2.7,0.3,8.2,0.8,8.6,0.8,11.1,15.2,7.1,19.1,14.0,14.9,10.7,28.5,All Races,Female,74.7,971.4,10.1,11.6
1970,29.6,2.8,6.8,0.6,2.7,0.3,8.2,0.8,8.6,0.8,11.1,15.2,7.1,19.1,14.0,14.9,10.7,28.5,All Races,Male,67.1,"1,542.1",10.1,11.6
1970,29.6,2.8,6.8,0.6,2.7,0.3,8.2,0.8,8.6,0.8,11.1,15.2,7.1,19.1,14.0,14.9,10.7,28.5,Black,Both Sexes,64.1,"1,518.1",10.1,11.6
1970,29.6,2.8,6.8,0.6,2.7,0.3,8.2,0.8,8.6,0.8,11.1,15.2,7.1,19.1,14.0,14.9,10.7,28.5,Black,Female,68.3,"1,228.7",10.1,11.6
1970,29.6,2.8,6.8,0.6,2.7,0.3,8.2,0.8,8.6,0.8,11.1,15.2,7.1,19.1,14.0,14.9,10.7,28.5,Black,Male,60.0,"1,873.9",10.1,11.6
1970,29.6,2.8,6.8,0.6,2.7,0.3,8.2,0.8,8.6,0.8,11.1,15.2,7.1,19.1,14.0,14.9,10.7,28.5,White,Both Sexes,71.7,"1,193.3",10.1,11.6
1970,29.6,2.8,6.8,0.6,2.7,0.3,8.2,0.8,8.6,0.8,11.1,15.2,7.1,19.1,14.0,14.9,10.7,28.5,White,Female,75.6,944.0,10.1,11.6
1970,29.6,2.8,6.8,0.6,2.7,0.3,8.2,0.8,8.6,0.8,11.1,15.2,7.1,19.1,14.0,14.9,10.7,28.5,White,Male,68.0,"1,513.7",10.1,11.6
1971,35.1,3.1,7.5,0.7,3.4,0.3,13.4,1.2,9.6,0.9,10.8,15.0,7.4,15.6,14.1,15.4,11.0,25.8,All Races,Both Sexes,71.1,"1,213.1",10.0,12.0
1971,35.1,3.1,7.5,0.7,3.4,0.3,13.4,1.2,9.6,0.9,10.8,15.0,7.4,15.6,14.1,15.4,11.0,25.8,All Races,Female,75.0,960.6,10.0,12.0
1971,35.1,3.1,7.5,0.7,3.4,0.3,13.4,1.2,9.6,0.9,10.8,15.0,7.4,15.6,14.1,15.4,11.0,25.8,All Races,Male,67.4,"1,542.5",10.0,12.0
1971,35.1,3.1,7.5,0.7,3.4,0.3,13.4,1.2,9.6,0.9,10.8,15.0,7.4,15.6,14.1,15.4,11.0,25.8,Black,Both Sexes,64.6,"1,481.3",10.0,12.0
1971,35.1,3.1,7.5,0.7,3.4,0.3,13.4,1.2,9.6,0.9,10.8,15.0,7.4,15.6,14.1,15.4,11.0,25.8,Black,Female,68.9,"1,196.8",10.0,12.0
1971,35.1,3.1,7.5,0.7,3.4,0.3,13.4,1.2,9.6,0.9,10.8,15.0,7.4,15.6,14.1,15.4,11.0,25.8,Black,Male,60.5,"1,836.1",10.0,12.0
1971,35.1,3.1,7.5,0.7,3.4,0.3,13.4,1.2,9.6,0.9,10.8,15.0,7.4,15.6,14.1,15.4,11.0,25.8,White,Both Sexes,72.0,"1,183.8",10.0,12.0
1971,35.1,3.1,7.5,0.7,3.4,0.3,13.4,1.2,9.6,0.9,10.8,15.0,7.4,15.6,14.1,15.4,11.0,25.8,White,Female,75.8,933.4,10.0,12.0
1971,35.1,3.1,7.5,0.7,3.4,0.3,13.4,1.2,9.6,0.9,10.8,15.0,7.4,15.6,14.1,15.4,11.0,25.8,White,Male,68.3,"1,514.4",10.0,12.0
1972,39.4,3.2,8.4,0.7,4.6,0.4,16.4,1.4,11.6,1.0,10.2,14.9,6.9,13.1,13.4,15.3,10.7,22.4,All Races,Both Sexes,71.2,"1,214.8",9.3,11.8
1972,39.4,3.2,8.4,0.7,4.6,0.4,16.4,1.4,11.6,1.0,10.2,14.9,6.9,13.1,13.4,15.3,10.7,22.4,All Races,Female,75.1,958.7,9.3,11.8
1972,39.4,3.2,8.4,0.7,4.6,0.4,16.4,1.4,11.6,1.0,10.2,14.9,6.9,13.1,13.4,15.3,10.7,22.4,All Races,Male,67.4,"1,551.1",9.3,11.8
1972,39.4,3.2,8.4,0.7,4.6,0.4,16.4,1.4,11.6,1.0,10.2,14.9,6.9,13.1,13.4,15.3,10.7,22.4,Black,Both Sexes,64.7,"1,486.3",9.3,11.8
1972,39.4,3.2,8.4,0.7,4.6,0.4,16.4,1.4,11.6,1.0,10.2,14.9,6.9,13.1,13.4,15.3,10.7,22.4,Black,Female,69.1,"1,181.2",9.3,11.8
1972,39.4,3.2,8.4,0.7,4.6,0.4,16.4,1.4,11.6,1.0,10.2,14.9,6.9,13.1,13.4,15.3,10.7,22.4,Black,Male,60.4,"1,871.8",9.3,11.8
1972,39.4,3.2,8.4,0.7,4.6,0.4,16.4,1.4,11.6,1.0,10.2,14.9,6.9,13.1,13.4,15.3,10.7,22.4,White,Both Sexes,72.0,"1,185.3",9.3,11.8
1972,39.4,3.2,8.4,0.7,4.6,0.4,16.4,1.4,11.6,1.0,10.2,14.9,6.9,13.1,13.4,15.3,10.7,22.4,White,Female,75.9,932.9,9.3,11.8
1972,39.4,3.2,8.4,0.7,4.6,0.4,16.4,1.4,11.6,1.0,10.2,14.9,6.9,13.1,13.4,15.3,10.7,22.4,White,Male,68.3,"1,520.2",9.3,11.8
1973,48.2,3.6,9.0,0.7,4.6,0.3,14.5,1.1,12.2,0.9,9.6,14.3,6.2,12.1,12.5,14.6,10.0,19.2,All Races,Both Sexes,71.4,"1,201.2",8.8,11.4
1973,48.2,3.6,9.0,0.7,4.6,0.3,14.5,1.1,12.2,0.9,9.6,14.3,6.2,12.1,12.5,14.6,10.0,19.2,All Races,Female,75.3,947.8,8.8,11.4
1973,48.2,3.6,9.0,0.7,4.6,0.3,14.5,1.1,12.2,0.9,9.6,14.3,6.2,12.1,12.5,14.6,10.0,19.2,All Races,Male,67.6,"1,537.5",8.8,11.4
1973,48.2,3.6,9.0,0.7,4.6,0.3,14.5,1.1,12.2,0.9,9.6,14.3,6.2,12.1,12.5,14.6,10.0,19.2,Black,Both Sexes,65.0,"1,473.3",8.8,11.4
1973,48.2,3.6,9.0,0.7,4.6,0.3,14.5,1.1,12.2,0.9,9.6,14.3,6.2,12.1,12.5,14.6,10.0,19.2,Black,Female,69.3,"1,179.7",8.8,11.4
1973,48.2,3.6,9.0,0.7,4.6,0.3,14.5,1.1,12.2,0.9,9.6,14.3,6.2,12.1,12.5,14.6,10.0,19.2,Black,Male,60.9,"1,849.5",8.8,11.4
1973,48.2,3.6,9.0,0.7,4.6,0.3,14.5,1.1,12.2,0.9,9.6,14.3,6.2,12.1,12.5,14.6,10.0,19.2,White,Both Sexes,72.2,"1,171.5",8.8,11.4
1973,48.2,3.6,9.0,0.7,4.6,0.3,14.5,1.1,12.2,0.9,9.6,14.3,6.2,12.1,12.5,14.6,10.0,19.2,White,Female,76.1,921.4,8.8,11.4
1973,48.2,3.6,9.0,0.7,4.6,0.3,14.5,1.1,12.2,0.9,9.6,14.3,6.2,12.1,12.5,14.6,10.0,19.2,White,Male,68.5,"1,507.2",8.8,11.4
1974,55,3.7,10.7,0.7,5.8,0.4,17.4,1.2,14.8,1.0,9.8,15.4,6.5,10.8,12.5,15.3,10.0,17.3,All Races,Both Sexes,72.0,"1,151.8",8.8,12.1
1974,55,3.7,10.7,0.7,5.8,0.4,17.4,1.2,14.8,1.0,9.8,15.4,6.5,10.8,12.5,15.3,10.0,17.3,All Races,Female,75.9,907.5,8.8,12.1
1974,55,3.7,10.7,0.7,5.8,0.4,17.4,1.2,14.8,1.0,9.8,15.4,6.5,10.8,12.5,15.3,10.0,17.3,All Races,Male,68.2,"1,478.5",8.8,12.1
1974,55,3.7,10.7,0.7,5.8,0.4,17.4,1.2,14.8,1.0,9.8,15.4,6.5,10.8,12.5,15.3,10.0,17.3,Black,Both Sexes,66.0,"1,397.7",8.8,12.1
1974,55,3.7,10.7,0.7,5.8,0.4,17.4,1.2,14.8,1.0,9.8,15.4,6.5,10.8,12.5,15.3,10.0,17.3,Black,Female,70.3,"1,109.7",8.8,12.1
1974,55,3.7,10.7,0.7,5.8,0.4,17.4,1.2,14.8,1.0,9.8,15.4,6.5,10.8,12.5,15.3,10.0,17.3,Black,Male,61.7,"1,769.5",8.8,12.1
1974,55,3.7,10.7,0.7,5.8,0.4,17.4,1.2,14.8,1.0,9.8,15.4,6.5,10.8,12.5,15.3,10.0,17.3,White,Both Sexes,72.8,"1,125.2",8.8,12.1
1974,55,3.7,10.7,0.7,5.8,0.4,17.4,1.2,14.8,1.0,9.8,15.4,6.5,10.8,12.5,15.3,10.0,17.3,White,Female,76.7,884.2,8.8,12.1
1974,55,3.7,10.7,0.7,5.8,0.4,17.4,1.2,14.8,1.0,9.8,15.4,6.5,10.8,12.5,15.3,10.0,17.3,White,Male,69.0,"1,450.8",8.8,12.1
1975,63.6,4.0,14.1,0.9,6.8,0.4,28.9,1.8,19.1,1.2,10.7,16.8,7.2,11.4,13.8,17.4,11.1,18.1,All Races,Both Sexes,72.6,"1,094.4",9.7,13.3
1975,63.6,4.0,14.1,0.9,6.8,0.4,28.9,1.8,19.1,1.2,10.7,16.8,7.2,11.4,13.8,17.4,11.1,18.1,All Races,Female,76.6,855.1,9.7,13.3
1975,63.6,4.0,14.1,0.9,6.8,0.4,28.9,1.8,19.1,1.2,10.7,16.8,7.2,11.4,13.8,17.4,11.1,18.1,All Races,Male,68.8,"1,417.4",9.7,13.3
1975,63.6,4.0,14.1,0.9,6.8,0.4,28.9,1.8,19.1,1.2,10.7,16.8,7.2,11.4,13.8,17.4,11.1,18.1,Black,Both Sexes,66.8,"1,327.5",9.7,13.3
1975,63.6,4.0,14.1,0.9,6.8,0.4,28.9,1.8,19.1,1.2,10.7,16.8,7.2,11.4,13.8,17.4,11.1,18.1,Black,Female,71.3,"1,042.4",9.7,13.3
1975,63.6,4.0,14.1,0.9,6.8,0.4,28.9,1.8,19.1,1.2,10.7,16.8,7.2,11.4,13.8,17.4,11.1,18.1,Black,Male,62.4,"1,697.0",9.7,13.3
1975,63.6,4.0,14.1,0.9,6.8,0.4,28.9,1.8,19.1,1.2,10.7,16.8,7.2,11.4,13.8,17.4,11.1,18.1,White,Both Sexes,73.4,"1,069.4",9.7,13.3
1975,63.6,4.0,14.1,0.9,6.8,0.4,28.9,1.8,19.1,1.2,10.7,16.8,7.2,11.4,13.8,17.4,11.1,18.1,White,Female,77.3,834.1,9.7,13.3
1975,63.6,4.0,14.1,0.9,6.8,0.4,28.9,1.8,19.1,1.2,10.7,16.8,7.2,11.4,13.8,17.4,11.1,18.1,White,Male,69.5,"1,391.1",9.7,13.3
1976,72.7,4.1,16.9,0.9,8.6,0.5,37.6,2.1,23.6,1.3,10.1,15.8,6.9,10.8,13.4,16.3,11.0,17.9,All Races,Both Sexes,72.9,"1,084.1",9.4,12.9
1976,72.7,4.1,16.9,0.9,8.6,0.5,37.6,2.1,23.6,1.3,10.1,15.8,6.9,10.8,13.4,16.3,11.0,17.9,All Races,Female,76.8,849.4,9.4,12.9
1976,72.7,4.1,16.9,0.9,8.6,0.5,37.6,2.1,23.6,1.3,10.1,15.8,6.9,10.8,13.4,16.3,11.0,17.9,All Races,Male,69.1,"1,404.3",9.4,12.9
1976,72.7,4.1,16.9,0.9,8.6,0.5,37.6,2.1,23.6,1.3,10.1,15.8,6.9,10.8,13.4,16.3,11.0,17.9,Black,Both Sexes,67.2,"1,311.2",9.4,12.9
1976,72.7,4.1,16.9,0.9,8.6,0.5,37.6,2.1,23.6,1.3,10.1,15.8,6.9,10.8,13.4,16.3,11.0,17.9,Black,Female,71.6,"1,031.2",9.4,12.9
1976,72.7,4.1,16.9,0.9,8.6,0.5,37.6,2.1,23.6,1.3,10.1,15.8,6.9,10.8,13.4,16.3,11.0,17.9,Black,Male,62.9,"1,676.0",9.4,12.9
1976,72.7,4.1,16.9,0.9,8.6,0.5,37.6,2.1,23.6,1.3,10.1,15.8,6.9,10.8,13.4,16.3,11.0,17.9,White,Both Sexes,73.6,"1,060.0",9.4,12.9
1976,72.7,4.1,16.9,0.9,8.6,0.5,37.6,2.1,23.6,1.3,10.1,15.8,6.9,10.8,13.4,16.3,11.0,17.9,White,Female,77.5,828.9,9.4,12.9
1976,72.7,4.1,16.9,0.9,8.6,0.5,37.6,2.1,23.6,1.3,10.1,15.8,6.9,10.8,13.4,16.3,11.0,17.9,White,Male,69.9,"1,379.5",9.4,12.9
1977,83.7,4.1,20.8,1.0,9.9,0.5,34.5,1.7,28.5,1.4,10.0,16.0,6.8,10.5,13.0,16.4,10.7,16.7,All Races,Both Sexes,73.3,"1,051.6",9.3,12.9
1977,83.7,4.1,20.8,1.0,9.9,0.5,34.5,1.7,28.5,1.4,10.0,16.0,6.8,10.5,13.0,16.4,10.7,16.7,All Races,Female,77.2,820.7,9.3,12.9
1977,83.7,4.1,20.8,1.0,9.9,0.5,34.5,1.7,28.5,1.4,10.0,16.0,6.8,10.5,13.0,16.4,10.7,16.7,All Races,Male,69.5,"1,369.3",9.3,12.9
1977,83.7,4.1,20.8,1.0,9.9,0.5,34.5,1.7,28.5,1.4,10.0,16.0,6.8,10.5,13.0,16.4,10.7,16.7,Black,Both Sexes,67.7,"1,286.0",9.3,12.9
1977,83.7,4.1,20.8,1.0,9.9,0.5,34.5,1.7,28.5,1.4,10.0,16.0,6.8,10.5,13.0,16.4,10.7,16.7,Black,Female,72.0,"1,012.2",9.3,12.9
1977,83.7,4.1,20.8,1.0,9.9,0.5,34.5,1.7,28.5,1.4,10.0,16.0,6.8,10.5,13.0,16.4,10.7,16.7,Black,Male,63.4,"1,647.9",9.3,12.9
1977,83.7,4.1,20.8,1.0,9.9,0.5,34.5,1.7,28.5,1.4,10.0,16.0,6.8,10.5,13.0,16.4,10.7,16.7,White,Both Sexes,74.0,"1,027.1",9.3,12.9
1977,83.7,4.1,20.8,1.0,9.9,0.5,34.5,1.7,28.5,1.4,10.0,16.0,6.8,10.5,13.0,16.4,10.7,16.7,White,Female,77.9,799.7,9.3,12.9
1977,83.7,4.1,20.8,1.0,9.9,0.5,34.5,1.7,28.5,1.4,10.0,16.0,6.8,10.5,13.0,16.4,10.7,16.7,White,Male,70.2,"1,343.5",9.3,12.9
1978,92.4,4.1,24.3,1.1,10.7,0.5,32.0,1.4,32.5,1.4,9.6,15.5,6.6,10.0,13.0,16.4,10.7,16.7,All Races,Both Sexes,73.5,"1,043.7",9.1,12.8
1978,92.4,4.1,24.3,1.1,10.7,0.5,32.0,1.4,32.5,1.4,9.6,15.5,6.6,10.0,13.0,16.4,10.7,16.7,All Races,Female,77.3,816.4,9.1,12.8
1978,92.4,4.1,24.3,1.1,10.7,0.5,32.0,1.4,32.5,1.4,9.6,15.5,6.6,10.0,13.0,16.4,10.7,16.7,All Races,Male,69.6,"1,358.1",9.1,12.8
1978,92.4,4.1,24.3,1.1,10.7,0.5,32.0,1.4,32.5,1.4,9.6,15.5,6.6,10.0,13.0,16.4,10.7,16.7,Black,Both Sexes,68.1,"1,267.7",9.1,12.8
1978,92.4,4.1,24.3,1.1,10.7,0.5,32.0,1.4,32.5,1.4,9.6,15.5,6.6,10.0,13.0,16.4,10.7,16.7,Black,Female,72.4,995.1,9.1,12.8
1978,92.4,4.1,24.3,1.1,10.7,0.5,32.0,1.4,32.5,1.4,9.6,15.5,6.6,10.0,13.0,16.4,10.7,16.7,Black,Male,63.7,"1,626.9",9.1,12.8
1978,92.4,4.1,24.3,1.1,10.7,0.5,32.0,1.4,32.5,1.4,9.6,15.5,6.6,10.0,13.0,16.4,10.7,16.7,White,Both Sexes,74.1,"1,020.1",9.1,12.8
1978,92.4,4.1,24.3,1.1,10.7,0.5,32.0,1.4,32.5,1.4,9.6,15.5,6.6,10.0,13.0,16.4,10.7,16.7,White,Female,78.0,796.6,9.1,12.8
1978,92.4,4.1,24.3,1.1,10.7,0.5,32.0,1.4,32.5,1.4,9.6,15.5,6.6,10.0,13.0,16.4,10.7,16.7,White,Male,70.4,"1,332.5",9.1,12.8
1979,102.6,4.0,28.2,1.1,12.4,0.5,32.1,1.3,37.9,1.5,10.1,16.2,6.9,11.2,13.2,16.6,10.8,18.0,All Races,Both Sexes,73.9,"1,010.6",9.2,12.6
1979,102.6,4.0,28.2,1.1,12.4,0.5,32.1,1.3,37.9,1.5,10.1,16.2,6.9,11.2,13.2,16.6,10.8,18.0,All Races,Female,77.8,789.9,9.2,12.6
1979,102.6,4.0,28.2,1.1,12.4,0.5,32.1,1.3,37.9,1.5,10.1,16.2,6.9,11.2,13.2,16.6,10.8,18.0,All Races,Male,70.0,"1,316.2",9.2,12.6
1979,102.6,4.0,28.2,1.1,12.4,0.5,32.1,1.3,37.9,1.5,10.1,16.2,6.9,11.2,13.2,16.6,10.8,18.0,Black,Both Sexes,68.5,"1,238.5",9.2,12.6
1979,102.6,4.0,28.2,1.1,12.4,0.5,32.1,1.3,37.9,1.5,10.1,16.2,6.9,11.2,13.2,16.6,10.8,18.0,Black,Female,72.9,967.1,9.2,12.6
1979,102.6,4.0,28.2,1.1,12.4,0.5,32.1,1.3,37.9,1.5,10.1,16.2,6.9,11.2,13.2,16.6,10.8,18.0,Black,Male,64.0,"1,601.5",9.2,12.6
1979,102.6,4.0,28.2,1.1,12.4,0.5,32.1,1.3,37.9,1.5,10.1,16.2,6.9,11.2,13.2,16.6,10.8,18.0,White,Both Sexes,74.6,986.8,9.2,12.6
1979,102.6,4.0,28.2,1.1,12.4,0.5,32.1,1.3,37.9,1.5,10.1,16.2,6.9,11.2,13.2,16.6,10.8,18.0,White,Female,78.4,770.1,9.2,12.6
1979,102.6,4.0,28.2,1.1,12.4,0.5,32.1,1.3,37.9,1.5,10.1,16.2,6.9,11.2,13.2,16.6,10.8,18.0,White,Male,70.8,"1,289.5",9.2,12.6
1980,117.1,4.2,34.0,1.2,14.0,0.5,44.3,1.6,45.0,1.6,11.2,18.1,7.9,10.9,14.7,18.6,12.1,19.0,All Races,Both Sexes,73.7,"1,038.7",10.3,14.7
1980,117.1,4.2,34.0,1.2,14.0,0.5,44.3,1.6,45.0,1.6,11.2,18.1,7.9,10.9,14.7,18.6,12.1,19.0,All Races,Female,77.4,817.7,10.3,14.7
1980,117.1,4.2,34.0,1.2,14.0,0.5,44.3,1.6,45.0,1.6,11.2,18.1,7.9,10.9,14.7,18.6,12.1,19.0,All Races,Male,70.0,"1,347.6",10.3,14.7
1980,117.1,4.2,34.0,1.2,14.0,0.5,44.3,1.6,45.0,1.6,11.2,18.1,7.9,10.9,14.7,18.6,12.1,19.0,Black,Both Sexes,68.1,"1,312.9",10.3,14.7
1980,117.1,4.2,34.0,1.2,14.0,0.5,44.3,1.6,45.0,1.6,11.2,18.1,7.9,10.9,14.7,18.6,12.1,19.0,Black,Female,72.5,"1,031.8",10.3,14.7
1980,117.1,4.2,34.0,1.2,14.0,0.5,44.3,1.6,45.0,1.6,11.2,18.1,7.9,10.9,14.7,18.6,12.1,19.0,Black,Male,63.8,"1,695.5",10.3,14.7
1980,117.1,4.2,34.0,1.2,14.0,0.5,44.3,1.6,45.0,1.6,11.2,18.1,7.9,10.9,14.7,18.6,12.1,19.0,White,Both Sexes,74.4,"1,012.5",10.3,14.7
1980,117.1,4.2,34.0,1.2,14.0,0.5,44.3,1.6,45.0,1.6,11.2,18.1,7.9,10.9,14.7,18.6,12.1,19.0,White,Female,78.1,796.0,10.3,14.7
1980,117.1,4.2,34.0,1.2,14.0,0.5,44.3,1.6,45.0,1.6,11.2,18.1,7.9,10.9,14.7,18.6,12.1,19.0,White,Male,70.7,"1,317.4",10.3,14.7
1981,137.9,4.4,41.3,1.3,16.8,0.5,49.8,1.6,54.8,1.7,12.1,19.7,8.9,10.5,15.8,20.4,13.2,18.6,All Races,Both Sexes,74.1,"1,007.0",11.2,15.9
1981,137.9,4.4,41.3,1.3,16.8,0.5,49.8,1.6,54.8,1.7,12.1,19.7,8.9,10.5,15.8,20.4,13.2,18.6,All Races,Female,77.8,792.7,11.2,15.9
1981,137.9,4.4,41.3,1.3,16.8,0.5,49.8,1.6,54.8,1.7,12.1,19.7,8.9,10.5,15.8,20.4,13.2,18.6,All Races,Male,70.4,"1,308.2",11.2,15.9
1981,137.9,4.4,41.3,1.3,16.8,0.5,49.8,1.6,54.8,1.7,12.1,19.7,8.9,10.5,15.8,20.4,13.2,18.6,Black,Both Sexes,68.9,"1,256.5",11.2,15.9
1981,137.9,4.4,41.3,1.3,16.8,0.5,49.8,1.6,54.8,1.7,12.1,19.7,8.9,10.5,15.8,20.4,13.2,18.6,Black,Female,73.2,985.7,11.2,15.9
1981,137.9,4.4,41.3,1.3,16.8,0.5,49.8,1.6,54.8,1.7,12.1,19.7,8.9,10.5,15.8,20.4,13.2,18.6,Black,Male,64.5,"1,626.6",11.2,15.9
1981,137.9,4.4,41.3,1.3,16.8,0.5,49.8,1.6,54.8,1.7,12.1,19.7,8.9,10.5,15.8,20.4,13.2,18.6,White,Both Sexes,74.8,984.0,11.2,15.9
1981,137.9,4.4,41.3,1.3,16.8,0.5,49.8,1.6,54.8,1.7,12.1,19.7,8.9,10.5,15.8,20.4,13.2,18.6,White,Female,78.4,773.6,11.2,15.9
1981,137.9,4.4,41.3,1.3,16.8,0.5,49.8,1.6,54.8,1.7,12.1,19.7,8.9,10.5,15.8,20.4,13.2,18.6,White,Male,71.1,"1,282.4",11.2,15.9
1982,153.9,4.6,49.2,1.5,17.4,0.5,53.1,1.6,62.7,1.9,13.4,21.9,9.9,10.4,16.5,21.9,14.1,17.5,All Races,Both Sexes,74.5,984.9,12.2,17.5
1982,153.9,4.6,49.2,1.5,17.4,0.5,53.1,1.6,62.7,1.9,13.4,21.9,9.9,10.4,16.5,21.9,14.1,17.5,All Races,Female,78.1,776.4,12.2,17.5
1982,153.9,4.6,49.2,1.5,17.4,0.5,53.1,1.6,62.7,1.9,13.4,21.9,9.9,10.4,16.5,21.9,14.1,17.5,All Races,Male,70.8,"1,279.9",12.2,17.5
1982,153.9,4.6,49.2,1.5,17.4,0.5,53.1,1.6,62.7,1.9,13.4,21.9,9.9,10.4,16.5,21.9,14.1,17.5,Black,Both Sexes,69.4,"1,220.1",12.2,17.5
1982,153.9,4.6,49.2,1.5,17.4,0.5,53.1,1.6,62.7,1.9,13.4,21.9,9.9,10.4,16.5,21.9,14.1,17.5,Black,Female,73.6,958.8,12.2,17.5
1982,153.9,4.6,49.2,1.5,17.4,0.5,53.1,1.6,62.7,1.9,13.4,21.9,9.9,10.4,16.5,21.9,14.1,17.5,Black,Male,65.1,"1,580.0",12.2,17.5
1982,153.9,4.6,49.2,1.5,17.4,0.5,53.1,1.6,62.7,1.9,13.4,21.9,9.9,10.4,16.5,21.9,14.1,17.5,White,Both Sexes,75.1,963.5,12.2,17.5
1982,153.9,4.6,49.2,1.5,17.4,0.5,53.1,1.6,62.7,1.9,13.4,21.9,9.9,10.4,16.5,21.9,14.1,17.5,White,Female,78.7,758.6,12.2,17.5
1982,153.9,4.6,49.2,1.5,17.4,0.5,53.1,1.6,62.7,1.9,13.4,21.9,9.9,10.4,16.5,21.9,14.1,17.5,White,Male,71.5,"1,255.9",12.2,17.5
1983,168.5,4.8,55.5,1.6,19.0,0.5,64.2,1.8,70.2,2.0,13.6,21.8,10.4,10.0,16.8,22.8,14.3,16.4,All Races,Both Sexes,74.6,990.0,12.3,17.9
1983,168.5,4.8,55.5,1.6,19.0,0.5,64.2,1.8,70.2,2.0,13.6,21.8,10.4,10.0,16.8,22.8,14.3,16.4,All Races,Female,78.1,783.3,12.3,17.9
1983,168.5,4.8,55.5,1.6,19.0,0.5,64.2,1.8,70.2,2.0,13.6,21.8,10.4,10.0,16.8,22.8,14.3,16.4,All Races,Male,71.0,"1,284.4",12.3,17.9
1983,168.5,4.8,55.5,1.6,19.0,0.5,64.2,1.8,70.2,2.0,13.6,21.8,10.4,10.0,16.8,22.8,14.3,16.4,Black,Both Sexes,69.4,"1,239.8",12.3,17.9
1983,168.5,4.8,55.5,1.6,19.0,0.5,64.2,1.8,70.2,2.0,13.6,21.8,10.4,10.0,16.8,22.8,14.3,16.4,Black,Female,73.5,980.2,12.3,17.9
1983,168.5,4.8,55.5,1.6,19.0,0.5,64.2,1.8,70.2,2.0,13.6,21.8,10.4,10.0,16.8,22.8,14.3,16.4,Black,Male,65.2,"1,600.5",12.3,17.9
1983,168.5,4.8,55.5,1.6,19.0,0.5,64.2,1.8,70.2,2.0,13.6,21.8,10.4,10.0,16.8,22.8,14.3,16.4,White,Both Sexes,75.2,967.4,12.3,17.9
1983,168.5,4.8,55.5,1.6,19.0,0.5,64.2,1.8,70.2,2.0,13.6,21.8,10.4,10.0,16.8,22.8,14.3,16.4,White,Female,78.7,764.1,12.3,17.9
1983,168.5,4.8,55.5,1.6,19.0,0.5,64.2,1.8,70.2,2.0,13.6,21.8,10.4,10.0,16.8,22.8,14.3,16.4,White,Male,71.6,"1,259.8",12.3,17.9
1984,176.1,4.5,61.1,1.5,20.1,0.5,51.8,1.3,76.1,1.9,12.8,20.9,9.8,8.7,15.9,22.1,13.6,15.0,All Races,Both Sexes,74.7,982.1,11.6,17.2
1984,176.1,4.5,61.1,1.5,20.1,0.5,51.8,1.3,76.1,1.9,12.8,20.9,9.8,8.7,15.9,22.1,13.6,15.0,All Races,Female,78.2,779.4,11.6,17.2
1984,176.1,4.5,61.1,1.5,20.1,0.5,51.8,1.3,76.1,1.9,12.8,20.9,9.8,8.7,15.9,22.1,13.6,15.0,All Races,Male,71.1,"1,271.0",11.6,17.2
1984,176.1,4.5,61.1,1.5,20.1,0.5,51.8,1.3,76.1,1.9,12.8,20.9,9.8,8.7,15.9,22.1,13.6,15.0,Black,Both Sexes,69.5,"1,234.5",11.6,17.2
1984,176.1,4.5,61.1,1.5,20.1,0.5,51.8,1.3,76.1,1.9,12.8,20.9,9.8,8.7,15.9,22.1,13.6,15.0,Black,Female,73.6,974.9,11.6,17.2
1984,176.1,4.5,61.1,1.5,20.1,0.5,51.8,1.3,76.1,1.9,12.8,20.9,9.8,8.7,15.9,22.1,13.6,15.0,Black,Male,65.3,"1,597.1",11.6,17.2
1984,176.1,4.5,61.1,1.5,20.1,0.5,51.8,1.3,76.1,1.9,12.8,20.9,9.8,8.7,15.9,22.1,13.6,15.0,White,Both Sexes,75.3,959.4,11.6,17.2
1984,176.1,4.5,61.1,1.5,20.1,0.5,51.8,1.3,76.1,1.9,12.8,20.9,9.8,8.7,15.9,22.1,13.6,15.0,White,Female,78.7,760.5,11.6,17.2
1984,176.1,4.5,61.1,1.5,20.1,0.5,51.8,1.3,76.1,1.9,12.8,20.9,9.8,8.7,15.9,22.1,13.6,15.0,White,Male,71.8,"1,245.5",11.6,17.2
1985,186.4,4.4,69.7,1.6,22.7,0.5,52.6,1.2,86.7,2.0,12.3,20.3,9.3,8.5,15.6,21.1,13.3,15.6,All Races,Both Sexes,74.7,987.8,11.4,16.7
1985,186.4,4.4,69.7,1.6,22.7,0.5,52.6,1.2,86.7,2.0,12.3,20.3,9.3,8.5,15.6,21.1,13.3,15.6,All Races,Female,78.2,784.2,11.4,16.7
1985,186.4,4.4,69.7,1.6,22.7,0.5,52.6,1.2,86.7,2.0,12.3,20.3,9.3,8.5,15.6,21.1,13.3,15.6,All Races,Male,71.1,"1,277.6",11.4,16.7
1985,186.4,4.4,69.7,1.6,22.7,0.5,52.6,1.2,86.7,2.0,12.3,20.3,9.3,8.5,15.6,21.1,13.3,15.6,Black,Both Sexes,69.3,"1,259.1",11.4,16.7
1985,186.4,4.4,69.7,1.6,22.7,0.5,52.6,1.2,86.7,2.0,12.3,20.3,9.3,8.5,15.6,21.1,13.3,15.6,Black,Female,73.4,992.2,11.4,16.7
1985,186.4,4.4,69.7,1.6,22.7,0.5,52.6,1.2,86.7,2.0,12.3,20.3,9.3,8.5,15.6,21.1,13.3,15.6,Black,Male,65.0,"1,632.9",11.4,16.7
1985,186.4,4.4,69.7,1.6,22.7,0.5,52.6,1.2,86.7,2.0,12.3,20.3,9.3,8.5,15.6,21.1,13.3,15.6,White,Both Sexes,75.3,963.4,11.4,16.7
1985,186.4,4.4,69.7,1.6,22.7,0.5,52.6,1.2,86.7,2.0,12.3,20.3,9.3,8.5,15.6,21.1,13.3,15.6,White,Female,78.7,764.2,11.4,16.7
1985,186.4,4.4,69.7,1.6,22.7,0.5,52.6,1.2,86.7,2.0,12.3,20.3,9.3,8.5,15.6,21.1,13.3,15.6,White,Male,71.8,"1,249.5",11.4,16.7
1986,196.5,4.3,74.2,1.6,25.0,0.6,54.5,1.2,93.4,2.1,11.8,20.5,8.5,8.4,15.2,20.4,13.1,15.2,All Races,Both Sexes,74.7,978.4,10.9,16.3
1986,196.5,4.3,74.2,1.6,25.0,0.6,54.5,1.2,93.4,2.1,11.8,20.5,8.5,8.4,15.2,20.4,13.1,15.2,All Races,Female,78.2,778.5,10.9,16.3
1986,196.5,4.3,74.2,1.6,25.0,0.6,54.5,1.2,93.4,2.1,11.8,20.5,8.5,8.4,15.2,20.4,13.1,15.2,All Races,Male,71.2,"1,261.5",10.9,16.3
1986,196.5,4.3,74.2,1.6,25.0,0.6,54.5,1.2,93.4,2.1,11.8,20.5,8.5,8.4,15.2,20.4,13.1,15.2,Black,Both Sexes,69.1,"1,264.6",10.9,16.3
1986,196.5,4.3,74.2,1.6,25.0,0.6,54.5,1.2,93.4,2.1,11.8,20.5,8.5,8.4,15.2,20.4,13.1,15.2,Black,Female,73.4,992.7,10.9,16.3
1986,196.5,4.3,74.2,1.6,25.0,0.6,54.5,1.2,93.4,2.1,11.8,20.5,8.5,8.4,15.2,20.4,13.1,15.2,Black,Male,64.8,"1,648.4",10.9,16.3
1986,196.5,4.3,74.2,1.6,25.0,0.6,54.5,1.2,93.4,2.1,11.8,20.5,8.5,8.4,15.2,20.4,13.1,15.2,White,Both Sexes,75.4,952.8,10.9,16.3
1986,196.5,4.3,74.2,1.6,25.0,0.6,54.5,1.2,93.4,2.1,11.8,20.5,8.5,8.4,15.2,20.4,13.1,15.2,White,Female,78.8,758.0,10.9,16.3
1986,196.5,4.3,74.2,1.6,25.0,0.6,54.5,1.2,93.4,2.1,11.8,20.5,8.5,8.4,15.2,20.4,13.1,15.2,White,Male,71.9,"1,230.5",10.9,16.3
1987,205.1,4.3,79.9,1.7,27.4,0.6,55.3,1.2,100.8,2.1,11.8,20.3,8.5,8.6,14.9,20.3,12.6,15.3,All Races,Both Sexes,74.9,969.6,10.7,16.1
1987,205.1,4.3,79.9,1.7,27.4,0.6,55.3,1.2,100.8,2.1,11.8,20.3,8.5,8.6,14.9,20.3,12.6,15.3,All Races,Female,78.3,773.8,10.7,16.1
1987,205.1,4.3,79.9,1.7,27.4,0.6,55.3,1.2,100.8,2.1,11.8,20.3,8.5,8.6,14.9,20.3,12.6,15.3,All Races,Male,71.4,"1,245.7",10.7,16.1
1987,205.1,4.3,79.9,1.7,27.4,0.6,55.3,1.2,100.8,2.1,11.8,20.3,8.5,8.6,14.9,20.3,12.6,15.3,Black,Both Sexes,69.1,"1,260.9",10.7,16.1
1987,205.1,4.3,79.9,1.7,27.4,0.6,55.3,1.2,100.8,2.1,11.8,20.3,8.5,8.6,14.9,20.3,12.6,15.3,Black,Female,73.4,988.4,10.7,16.1
1987,205.1,4.3,79.9,1.7,27.4,0.6,55.3,1.2,100.8,2.1,11.8,20.3,8.5,8.6,14.9,20.3,12.6,15.3,Black,Male,64.7,"1,646.3",10.7,16.1
1987,205.1,4.3,79.9,1.7,27.4,0.6,55.3,1.2,100.8,2.1,11.8,20.3,8.5,8.6,14.9,20.3,12.6,15.3,White,Both Sexes,75.6,943.2,10.7,16.1
1987,205.1,4.3,79.9,1.7,27.4,0.6,55.3,1.2,100.8,2.1,11.8,20.3,8.5,8.6,14.9,20.3,12.6,15.3,White,Female,78.9,753.2,10.7,16.1
1987,205.1,4.3,79.9,1.7,27.4,0.6,55.3,1.2,100.8,2.1,11.8,20.3,8.5,8.6,14.9,20.3,12.6,15.3,White,Male,72.1,"1,213.1",10.7,16.1
1988,216.8,4.2,85.7,1.7,30.5,0.6,57.5,1.1,107.4,2.1,11.5,19.8,8.4,8.0,14.5,19.3,12.5,14.9,All Races,Both Sexes,74.9,975.1,10.4,15.7
1988,216.8,4.2,85.7,1.7,30.5,0.6,57.5,1.1,107.4,2.1,11.5,19.8,8.4,8.0,14.5,19.3,12.5,14.9,All Races,Female,78.3,780.5,10.4,15.7
1988,216.8,4.2,85.7,1.7,30.5,0.6,57.5,1.1,107.4,2.1,11.5,19.8,8.4,8.0,14.5,19.3,12.5,14.9,All Races,Male,71.4,"1,250.0",10.4,15.7
1988,216.8,4.2,85.7,1.7,30.5,0.6,57.5,1.1,107.4,2.1,11.5,19.8,8.4,8.0,14.5,19.3,12.5,14.9,Black,Both Sexes,68.9,"1,281.9",10.4,15.7
1988,216.8,4.2,85.7,1.7,30.5,0.6,57.5,1.1,107.4,2.1,11.5,19.8,8.4,8.0,14.5,19.3,12.5,14.9,Black,Female,73.2,"1,005.4",10.4,15.7
1988,216.8,4.2,85.7,1.7,30.5,0.6,57.5,1.1,107.4,2.1,11.5,19.8,8.4,8.0,14.5,19.3,12.5,14.9,Black,Male,64.4,"1,673.1",10.4,15.7
1988,216.8,4.2,85.7,1.7,30.5,0.6,57.5,1.1,107.4,2.1,11.5,19.8,8.4,8.0,14.5,19.3,12.5,14.9,White,Both Sexes,75.6,947.2,10.4,15.7
1988,216.8,4.2,85.7,1.7,30.5,0.6,57.5,1.1,107.4,2.1,11.5,19.8,8.4,8.0,14.5,19.3,12.5,14.9,White,Female,78.9,758.7,10.4,15.7
1988,216.8,4.2,85.7,1.7,30.5,0.6,57.5,1.1,107.4,2.1,11.5,19.8,8.4,8.0,14.5,19.3,12.5,14.9,White,Male,72.2,"1,215.5",10.4,15.7
1989,230.4,4.1,93.2,1.7,34.6,0.6,61.1,1.1,117.3,2.1,11.2,19.5,8.1,7.8,14.4,19.8,12.3,13.9,All Races,Both Sexes,75.1,949.9,10.3,15.5
1989,230.4,4.1,93.2,1.7,34.6,0.6,61.1,1.1,117.3,2.1,11.2,19.5,8.1,7.8,14.4,19.8,12.3,13.9,All Races,Female,78.5,761.3,10.3,15.5
1989,230.4,4.1,93.2,1.7,34.6,0.6,61.1,1.1,117.3,2.1,11.2,19.5,8.1,7.8,14.4,19.8,12.3,13.9,All Races,Male,71.7,"1,214.2",10.3,15.5
1989,230.4,4.1,93.2,1.7,34.6,0.6,61.1,1.1,117.3,2.1,11.2,19.5,8.1,7.8,14.4,19.8,12.3,13.9,Black,Both Sexes,68.8,"1,273.5",10.3,15.5
1989,230.4,4.1,93.2,1.7,34.6,0.6,61.1,1.1,117.3,2.1,11.2,19.5,8.1,7.8,14.4,19.8,12.3,13.9,Black,Female,73.3,995.8,10.3,15.5
1989,230.4,4.1,93.2,1.7,34.6,0.6,61.1,1.1,117.3,2.1,11.2,19.5,8.1,7.8,14.4,19.8,12.3,13.9,Black,Male,64.3,"1,666.1",10.3,15.5
1989,230.4,4.1,93.2,1.7,34.6,0.6,61.1,1.1,117.3,2.1,11.2,19.5,8.1,7.8,14.4,19.8,12.3,13.9,White,Both Sexes,75.9,919.8,10.3,15.5
1989,230.4,4.1,93.2,1.7,34.6,0.6,61.1,1.1,117.3,2.1,11.2,19.5,8.1,7.8,14.4,19.8,12.3,13.9,White,Female,79.2,738.3,10.3,15.5
1989,230.4,4.1,93.2,1.7,34.6,0.6,61.1,1.1,117.3,2.1,11.2,19.5,8.1,7.8,14.4,19.8,12.3,13.9,White,Male,72.5,"1,176.0",10.3,15.5
1990,246.5,4.2,107.0,1.8,41.1,0.7,68.7,1.2,136.9,2.3,11.7,20.5,8.5,7.6,15.2,20.8,12.9,15.4,All Races,Both Sexes,75.4,938.0,10.7,16.4
1990,246.5,4.2,107.0,1.8,41.1,0.7,68.7,1.2,136.9,2.3,11.7,20.5,8.5,7.6,15.2,20.8,12.9,15.4,All Races,Female,78.8,750.3,10.7,16.4
1990,246.5,4.2,107.0,1.8,41.1,0.7,68.7,1.2,136.9,2.3,11.7,20.5,8.5,7.6,15.2,20.8,12.9,15.4,All Races,Male,71.8,"1,202.0",10.7,16.4
1990,246.5,4.2,107.0,1.8,41.1,0.7,68.7,1.2,136.9,2.3,11.7,20.5,8.5,7.6,15.2,20.8,12.9,15.4,Black,Both Sexes,69.1,"1,248.5",10.7,16.4
1990,246.5,4.2,107.0,1.8,41.1,0.7,68.7,1.2,136.9,2.3,11.7,20.5,8.5,7.6,15.2,20.8,12.9,15.4,Black,Female,73.6,973.6,10.7,16.4
1990,246.5,4.2,107.0,1.8,41.1,0.7,68.7,1.2,136.9,2.3,11.7,20.5,8.5,7.6,15.2,20.8,12.9,15.4,Black,Male,64.5,"1,642.4",10.7,16.4
1990,246.5,4.2,107.0,1.8,41.1,0.7,68.7,1.2,136.9,2.3,11.7,20.5,8.5,7.6,15.2,20.8,12.9,15.4,White,Both Sexes,76.1,909.2,10.7,16.4
1990,246.5,4.2,107.0,1.8,41.1,0.7,68.7,1.2,136.9,2.3,11.7,20.5,8.5,7.6,15.2,20.8,12.9,15.4,White,Female,79.4,728.3,10.7,16.4
1990,246.5,4.2,107.0,1.8,41.1,0.7,68.7,1.2,136.9,2.3,11.7,20.5,8.5,7.6,15.2,20.8,12.9,15.4,White,Male,72.7,"1,165.3",10.7,16.4
1991,266.8,4.4,114.2,1.9,52.5,0.9,86.9,1.4,154.6,2.5,12.3,21.3,9.0,7.9,16.0,22.2,13.6,15.5,All Races,Both Sexes,75.5,921.9,11.5,17.7
1991,266.8,4.4,114.2,1.9,52.5,0.9,86.9,1.4,154.6,2.5,12.3,21.3,9.0,7.9,16.0,22.2,13.6,15.5,All Races,Female,78.9,737.9,11.5,17.7
1991,266.8,4.4,114.2,1.9,52.5,0.9,86.9,1.4,154.6,2.5,12.3,21.3,9.0,7.9,16.0,22.2,13.6,15.5,All Races,Male,72.0,"1,180.2",11.5,17.7
1991,266.8,4.4,114.2,1.9,52.5,0.9,86.9,1.4,154.6,2.5,12.3,21.3,9.0,7.9,16.0,22.2,13.6,15.5,Black,Both Sexes,69.3,"1,233.6",11.5,17.7
1991,266.8,4.4,114.2,1.9,52.5,0.9,86.9,1.4,154.6,2.5,12.3,21.3,9.0,7.9,16.0,22.2,13.6,15.5,Black,Female,73.8,961.8,11.5,17.7
1991,266.8,4.4,114.2,1.9,52.5,0.9,86.9,1.4,154.6,2.5,12.3,21.3,9.0,7.9,16.0,22.2,13.6,15.5,Black,Male,64.6,"1,624.1",11.5,17.7
1991,266.8,4.4,114.2,1.9,52.5,0.9,86.9,1.4,154.6,2.5,12.3,21.3,9.0,7.9,16.0,22.2,13.6,15.5,White,Both Sexes,76.3,893.0,11.5,17.7
1991,266.8,4.4,114.2,1.9,52.5,0.9,86.9,1.4,154.6,2.5,12.3,21.3,9.0,7.9,16.0,22.2,13.6,15.5,White,Female,79.6,715.9,11.5,17.7
1991,266.8,4.4,114.2,1.9,52.5,0.9,86.9,1.4,154.6,2.5,12.3,21.3,9.0,7.9,16.0,22.2,13.6,15.5,White,Male,72.9,"1,142.8",11.5,17.7
1992,285.2,4.4,129.4,2.0,67.8,1.1,110.8,1.7,184.0,2.9,12.9,21.9,9.6,8.8,16.6,22.8,14.2,15.8,All Races,Both Sexes,75.8,905.3,11.9,18.0
1992,285.2,4.4,129.4,2.0,67.8,1.1,110.8,1.7,184.0,2.9,12.9,21.9,9.6,8.8,16.6,22.8,14.2,15.8,All Races,Female,79.1,725.3,11.9,18.0
1992,285.2,4.4,129.4,2.0,67.8,1.1,110.8,1.7,184.0,2.9,12.9,21.9,9.6,8.8,16.6,22.8,14.2,15.8,All Races,Male,72.3,"1,158.0",11.9,18.0
1992,285.2,4.4,129.4,2.0,67.8,1.1,110.8,1.7,184.0,2.9,12.9,21.9,9.6,8.8,16.6,22.8,14.2,15.8,Black,Both Sexes,69.6,"1,205.3",11.9,18.0
1992,285.2,4.4,129.4,2.0,67.8,1.1,110.8,1.7,184.0,2.9,12.9,21.9,9.6,8.8,16.6,22.8,14.2,15.8,Black,Female,73.9,941.4,11.9,18.0
1992,285.2,4.4,129.4,2.0,67.8,1.1,110.8,1.7,184.0,2.9,12.9,21.9,9.6,8.8,16.6,22.8,14.2,15.8,Black,Male,65.0,"1,586.2",11.9,18.0
1992,285.2,4.4,129.4,2.0,67.8,1.1,110.8,1.7,184.0,2.9,12.9,21.9,9.6,8.8,16.6,22.8,14.2,15.8,White,Both Sexes,76.5,877.5,11.9,18.0
1992,285.2,4.4,129.4,2.0,67.8,1.1,110.8,1.7,184.0,2.9,12.9,21.9,9.6,8.8,16.6,22.8,14.2,15.8,White,Female,79.8,703.9,11.9,18.0
1992,285.2,4.4,129.4,2.0,67.8,1.1,110.8,1.7,184.0,2.9,12.9,21.9,9.6,8.8,16.6,22.8,14.2,15.8,White,Male,73.2,"1,122.2",11.9,18.0
1993,302,4.5,143.2,2.1,75.8,1.1,117.1,1.7,203.7,3.0,13.3,22.7,10.0,7.9,16.9,22.7,14.8,15.2,All Races,Both Sexes,75.5,925.8,12.3,18.5
1993,302,4.5,143.2,2.1,75.8,1.1,117.1,1.7,203.7,3.0,13.3,22.7,10.0,7.9,16.9,22.7,14.8,15.2,All Races,Female,78.8,745.6,12.3,18.5
1993,302,4.5,143.2,2.1,75.8,1.1,117.1,1.7,203.7,3.0,13.3,22.7,10.0,7.9,16.9,22.7,14.8,15.2,All Races,Male,72.2,"1,177.0",12.3,18.5
1993,302,4.5,143.2,2.1,75.8,1.1,117.1,1.7,203.7,3.0,13.3,22.7,10.0,7.9,16.9,22.7,14.8,15.2,Black,Both Sexes,69.2,"1,240.2",12.3,18.5
1993,302,4.5,143.2,2.1,75.8,1.1,117.1,1.7,203.7,3.0,13.3,22.7,10.0,7.9,16.9,22.7,14.8,15.2,Black,Female,73.7,968.6,12.3,18.5
1993,302,4.5,143.2,2.1,75.8,1.1,117.1,1.7,203.7,3.0,13.3,22.7,10.0,7.9,16.9,22.7,14.8,15.2,Black,Male,64.6,"1,631.1",12.3,18.5
1993,302,4.5,143.2,2.1,75.8,1.1,117.1,1.7,203.7,3.0,13.3,22.7,10.0,7.9,16.9,22.7,14.8,15.2,White,Both Sexes,76.3,896.8,12.3,18.5
1993,302,4.5,143.2,2.1,75.8,1.1,117.1,1.7,203.7,3.0,13.3,22.7,10.0,7.9,16.9,22.7,14.8,15.2,White,Female,79.5,723.9,12.3,18.5
1993,302,4.5,143.2,2.1,75.8,1.1,117.1,1.7,203.7,3.0,13.3,22.7,10.0,7.9,16.9,22.7,14.8,15.2,White,Male,73.1,"1,138.7",12.3,18.5
1994,316.9,4.4,159.6,2.2,82.0,1.1,116.1,1.6,223.9,3.1,12.8,21.4,9.7,7.2,16.3,22.2,14.0,14.9,All Races,Both Sexes,75.7,913.2,11.6,17.4
1994,316.9,4.4,159.6,2.2,82.0,1.1,116.1,1.6,223.9,3.1,12.8,21.4,9.7,7.2,16.3,22.2,14.0,14.9,All Races,Female,79.0,738.3,11.6,17.4
1994,316.9,4.4,159.6,2.2,82.0,1.1,116.1,1.6,223.9,3.1,12.8,21.4,9.7,7.2,16.3,22.2,14.0,14.9,All Races,Male,72.4,"1,155.1",11.6,17.4
1994,316.9,4.4,159.6,2.2,82.0,1.1,116.1,1.6,223.9,3.1,12.8,21.4,9.7,7.2,16.3,22.2,14.0,14.9,Black,Both Sexes,69.5,"1,216.2",11.6,17.4
1994,316.9,4.4,159.6,2.2,82.0,1.1,116.1,1.6,223.9,3.1,12.8,21.4,9.7,7.2,16.3,22.2,14.0,14.9,Black,Female,73.9,954.0,11.6,17.4
1994,316.9,4.4,159.6,2.2,82.0,1.1,116.1,1.6,223.9,3.1,12.8,21.4,9.7,7.2,16.3,22.2,14.0,14.9,Black,Male,64.9,"1,591.9",11.6,17.4
1994,316.9,4.4,159.6,2.2,82.0,1.1,116.1,1.6,223.9,3.1,12.8,21.4,9.7,7.2,16.3,22.2,14.0,14.9,White,Both Sexes,76.5,885.3,11.6,17.4
1994,316.9,4.4,159.6,2.2,82.0,1.1,116.1,1.6,223.9,3.1,12.8,21.4,9.7,7.2,16.3,22.2,14.0,14.9,White,Female,79.6,717.3,11.6,17.4
1994,316.9,4.4,159.6,2.2,82.0,1.1,116.1,1.6,223.9,3.1,12.8,21.4,9.7,7.2,16.3,22.2,14.0,14.9,White,Male,73.3,"1,118.4",11.6,17.4
1995,333.3,4.4,177.1,2.3,89.1,1.2,116.6,1.5,246.0,3.3,12.2,20.4,9.4,6.2,15.4,21.2,13.3,13.6,All Races,Both Sexes,75.8,909.5,10.8,16.3
1995,333.3,4.4,177.1,2.3,89.1,1.2,116.6,1.5,246.0,3.3,12.2,20.4,9.4,6.2,15.4,21.2,13.3,13.6,All Races,Female,78.9,739.2,10.8,16.3
1995,333.3,4.4,177.1,2.3,89.1,1.2,116.6,1.5,246.0,3.3,12.2,20.4,9.4,6.2,15.4,21.2,13.3,13.6,All Races,Male,72.5,"1,143.6",10.8,16.3
1995,333.3,4.4,177.1,2.3,89.1,1.2,116.6,1.5,246.0,3.3,12.2,20.4,9.4,6.2,15.4,21.2,13.3,13.6,Black,Both Sexes,69.6,"1,213.6",10.8,16.3
1995,333.3,4.4,177.1,2.3,89.1,1.2,116.6,1.5,246.0,3.3,12.2,20.4,9.4,6.2,15.4,21.2,13.3,13.6,Black,Female,73.9,955.7,10.8,16.3
1995,333.3,4.4,177.1,2.3,89.1,1.2,116.6,1.5,246.0,3.3,12.2,20.4,9.4,6.2,15.4,21.2,13.3,13.6,Black,Male,65.2,"1,585.2",10.8,16.3
1995,333.3,4.4,177.1,2.3,89.1,1.2,116.6,1.5,246.0,3.3,12.2,20.4,9.4,6.2,15.4,21.2,13.3,13.6,White,Both Sexes,76.5,882.0,10.8,16.3
1995,333.3,4.4,177.1,2.3,89.1,1.2,116.6,1.5,246.0,3.3,12.2,20.4,9.4,6.2,15.4,21.2,13.3,13.6,White,Female,79.6,718.4,10.8,16.3
1995,333.3,4.4,177.1,2.3,89.1,1.2,116.6,1.5,246.0,3.3,12.2,20.4,9.4,6.2,15.4,21.2,13.3,13.6,White,Male,73.4,"1,107.2",10.8,16.3
1996,347.1,4.4,191.3,2.4,92.0,1.2,121.6,1.5,263.3,3.3,12.0,20.0,9.2,6.8,15.4,20.9,13.5,13.6,All Races,Both Sexes,76.1,893.7,11.0,16.5
1996,347.1,4.4,191.3,2.4,92.0,1.2,121.6,1.5,263.3,3.3,12.0,20.0,9.2,6.8,15.4,20.9,13.5,13.6,All Races,Female,79.1,732.7,11.0,16.5
1996,347.1,4.4,191.3,2.4,92.0,1.2,121.6,1.5,263.3,3.3,12.0,20.0,9.2,6.8,15.4,20.9,13.5,13.6,All Races,Male,73.1,"1,115.2",11.0,16.5
1996,347.1,4.4,191.3,2.4,92.0,1.2,121.6,1.5,263.3,3.3,12.0,20.0,9.2,6.8,15.4,20.9,13.5,13.6,Black,Both Sexes,70.2,"1,177.6",11.0,16.5
1996,347.1,4.4,191.3,2.4,92.0,1.2,121.6,1.5,263.3,3.3,12.0,20.0,9.2,6.8,15.4,20.9,13.5,13.6,Black,Female,74.2,939.6,11.0,16.5
1996,347.1,4.4,191.3,2.4,92.0,1.2,121.6,1.5,263.3,3.3,12.0,20.0,9.2,6.8,15.4,20.9,13.5,13.6,Black,Male,66.1,"1,523.2",11.0,16.5
1996,347.1,4.4,191.3,2.4,92.0,1.2,121.6,1.5,263.3,3.3,12.0,20.0,9.2,6.8,15.4,20.9,13.5,13.6,White,Both Sexes,76.8,868.7,11.0,16.5
1996,347.1,4.4,191.3,2.4,92.0,1.2,121.6,1.5,263.3,3.3,12.0,20.0,9.2,6.8,15.4,20.9,13.5,13.6,White,Female,79.7,713.3,11.0,16.5
1996,347.1,4.4,191.3,2.4,92.0,1.2,121.6,1.5,263.3,3.3,12.0,20.0,9.2,6.8,15.4,20.9,13.5,13.6,White,Male,73.9,"1,082.5",11.0,16.5
1997,362.3,4.3,207.9,2.5,95.6,1.1,122.5,1.4,283.0,3.3,11.6,19.7,8.7,7.0,14.9,20.0,13.2,13.1,All Races,Both Sexes,76.5,877.7,10.3,15.7
1997,362.3,4.3,207.9,2.5,95.6,1.1,122.5,1.4,283.0,3.3,11.6,19.7,8.7,7.0,14.9,20.0,13.2,13.1,All Races,Female,79.4,725.3,10.3,15.7
1997,362.3,4.3,207.9,2.5,95.6,1.1,122.5,1.4,283.0,3.3,11.6,19.7,8.7,7.0,14.9,20.0,13.2,13.1,All Races,Male,73.6,"1,087.7",10.3,15.7
1997,362.3,4.3,207.9,2.5,95.6,1.1,122.5,1.4,283.0,3.3,11.6,19.7,8.7,7.0,14.9,20.0,13.2,13.1,Black,Both Sexes,71.1,"1,139.2",10.3,15.7
1997,362.3,4.3,207.9,2.5,95.6,1.1,122.5,1.4,283.0,3.3,11.6,19.7,8.7,7.0,14.9,20.0,13.2,13.1,Black,Female,74.7,921.6,10.3,15.7
1997,362.3,4.3,207.9,2.5,95.6,1.1,122.5,1.4,283.0,3.3,11.6,19.7,8.7,7.0,14.9,20.0,13.2,13.1,Black,Male,67.2,"1,458.2",10.3,15.7
1997,362.3,4.3,207.9,2.5,95.6,1.1,122.5,1.4,283.0,3.3,11.6,19.7,8.7,7.0,14.9,20.0,13.2,13.1,White,Both Sexes,77.1,855.4,10.3,15.7
1997,362.3,4.3,207.9,2.5,95.6,1.1,122.5,1.4,283.0,3.3,11.6,19.7,8.7,7.0,14.9,20.0,13.2,13.1,White,Female,79.9,707.5,10.3,15.7
1997,362.3,4.3,207.9,2.5,95.6,1.1,122.5,1.4,283.0,3.3,11.6,19.7,8.7,7.0,14.9,20.0,13.2,13.1,White,Male,74.3,"1,058.7",10.3,15.7
1998,376.1,4.2,211.0,2.4,101.2,1.1,122.1,1.4,291.5,3.3,11.1,18.4,8.5,7.2,14.3,19.4,12.5,12.8,All Races,Both Sexes,76.7,870.1,10.0,15.1
1998,376.1,4.2,211.0,2.4,101.2,1.1,122.1,1.4,291.5,3.3,11.1,18.4,8.5,7.2,14.3,19.4,12.5,12.8,All Races,Female,79.5,724.2,10.0,15.1
1998,376.1,4.2,211.0,2.4,101.2,1.1,122.1,1.4,291.5,3.3,11.1,18.4,8.5,7.2,14.3,19.4,12.5,12.8,All Races,Male,73.8,"1,068.9",10.0,15.1
1998,376.1,4.2,211.0,2.4,101.2,1.1,122.1,1.4,291.5,3.3,11.1,18.4,8.5,7.2,14.3,19.4,12.5,12.8,Black,Both Sexes,71.3,"1,127.1",10.0,15.1
1998,376.1,4.2,211.0,2.4,101.2,1.1,122.1,1.4,291.5,3.3,11.1,18.4,8.5,7.2,14.3,19.4,12.5,12.8,Black,Female,74.8,921.0,10.0,15.1
1998,376.1,4.2,211.0,2.4,101.2,1.1,122.1,1.4,291.5,3.3,11.1,18.4,8.5,7.2,14.3,19.4,12.5,12.8,Black,Male,67.6,"1,429.8",10.0,15.1
1998,376.1,4.2,211.0,2.4,101.2,1.1,122.1,1.4,291.5,3.3,11.1,18.4,8.5,7.2,14.3,19.4,12.5,12.8,White,Both Sexes,77.3,848.9,10.0,15.1
1998,376.1,4.2,211.0,2.4,101.2,1.1,122.1,1.4,291.5,3.3,11.1,18.4,8.5,7.2,14.3,19.4,12.5,12.8,White,Female,80.0,706.9,10.0,15.1
1998,376.1,4.2,211.0,2.4,101.2,1.1,122.1,1.4,291.5,3.3,11.1,18.4,8.5,7.2,14.3,19.4,12.5,12.8,White,Male,74.5,"1,041.6",10.0,15.1
1999,387,4.1,209.3,2.2,108.0,1.1,129.0,1.4,296.3,3.1,10.4,16.7,8.3,6.8,13.2,17.5,11.8,11.7,All Races,Both Sexes,76.7,875.6,9.3,13.8
1999,387,4.1,209.3,2.2,108.0,1.1,129.0,1.4,296.3,3.1,10.4,16.7,8.3,6.8,13.2,17.5,11.8,11.7,All Races,Female,79.4,734.0,9.3,13.8
1999,387,4.1,209.3,2.2,108.0,1.1,129.0,1.4,296.3,3.1,10.4,16.7,8.3,6.8,13.2,17.5,11.8,11.7,All Races,Male,73.9,"1,067.0",9.3,13.8
1999,387,4.1,209.3,2.2,108.0,1.1,129.0,1.4,296.3,3.1,10.4,16.7,8.3,6.8,13.2,17.5,11.8,11.7,Black,Both Sexes,71.4,"1,135.7",9.3,13.8
1999,387,4.1,209.3,2.2,108.0,1.1,129.0,1.4,296.3,3.1,10.4,16.7,8.3,6.8,13.2,17.5,11.8,11.7,Black,Female,74.7,933.6,9.3,13.8
1999,387,4.1,209.3,2.2,108.0,1.1,129.0,1.4,296.3,3.1,10.4,16.7,8.3,6.8,13.2,17.5,11.8,11.7,Black,Male,67.8,"1,432.6",9.3,13.8
1999,387,4.1,209.3,2.2,108.0,1.1,129.0,1.4,296.3,3.1,10.4,16.7,8.3,6.8,13.2,17.5,11.8,11.7,White,Both Sexes,77.3,854.6,9.3,13.8
1999,387,4.1,209.3,2.2,108.0,1.1,129.0,1.4,296.3,3.1,10.4,16.7,8.3,6.8,13.2,17.5,11.8,11.7,White,Female,79.9,716.6,9.3,13.8
1999,387,4.1,209.3,2.2,108.0,1.1,129.0,1.4,296.3,3.1,10.4,16.7,8.3,6.8,13.2,17.5,11.8,11.7,White,Male,74.6,"1,040.1",9.3,13.8
2000,406,4.0,216.0,2.1,117.9,1.2,133.9,1.3,313.3,3.1,9.9,16.0,7.8,6.8,12.6,16.3,11.3,12.1,All Races,Both Sexes,76.8,869.0,8.7,12.7
2000,406,4.0,216.0,2.1,117.9,1.2,133.9,1.3,313.3,3.1,9.9,16.0,7.8,6.8,12.6,16.3,11.3,12.1,All Races,Female,79.7,731.4,8.7,12.7
2000,406,4.0,216.0,2.1,117.9,1.2,133.9,1.3,313.3,3.1,9.9,16.0,7.8,6.8,12.6,16.3,11.3,12.1,All Races,Male,74.3,"1,053.8",8.7,12.7
2000,406,4.0,216.0,2.1,117.9,1.2,133.9,1.3,313.3,3.1,9.9,16.0,7.8,6.8,12.6,16.3,11.3,12.1,Black,Both Sexes,71.8,"1,121.4",8.7,12.7
2000,406,4.0,216.0,2.1,117.9,1.2,133.9,1.3,313.3,3.1,9.9,16.0,7.8,6.8,12.6,16.3,11.3,12.1,Black,Female,75.1,927.6,8.7,12.7
2000,406,4.0,216.0,2.1,117.9,1.2,133.9,1.3,313.3,3.1,9.9,16.0,7.8,6.8,12.6,16.3,11.3,12.1,Black,Male,68.2,"1,403.5",8.7,12.7
2000,406,4.0,216.0,2.1,117.9,1.2,133.9,1.3,313.3,3.1,9.9,16.0,7.8,6.8,12.6,16.3,11.3,12.1,White,Both Sexes,77.3,849.8,8.7,12.7
2000,406,4.0,216.0,2.1,117.9,1.2,133.9,1.3,313.3,3.1,9.9,16.0,7.8,6.8,12.6,16.3,11.3,12.1,White,Female,79.9,715.3,8.7,12.7
2000,406,4.0,216.0,2.1,117.9,1.2,133.9,1.3,313.3,3.1,9.9,16.0,7.8,6.8,12.6,16.3,11.3,12.1,White,Male,74.7,"1,029.4",8.7,12.7
2001,429.4,4.1,237.9,2.3,129.4,1.2,143.1,1.4,347.1,3.3,10.4,16.2,8.5,7.0,12.9,16.4,11.6,12.4,All Races,Both Sexes,77.0,858.8,9.2,13.4
2001,429.4,4.1,237.9,2.3,129.4,1.2,143.1,1.4,347.1,3.3,10.4,16.2,8.5,7.0,12.9,16.4,11.6,12.4,All Races,Female,79.5,725.6,9.2,13.4
2001,429.4,4.1,237.9,2.3,129.4,1.2,143.1,1.4,347.1,3.3,10.4,16.2,8.5,7.0,12.9,16.4,11.6,12.4,All Races,Male,74.3,"1,035.3",9.2,13.4
2001,429.4,4.1,237.9,2.3,129.4,1.2,143.1,1.4,347.1,3.3,10.4,16.2,8.5,7.0,12.9,16.4,11.6,12.4,Black,Both Sexes,72.0,"1,106.2",9.2,13.4
2001,429.4,4.1,237.9,2.3,129.4,1.2,143.1,1.4,347.1,3.3,10.4,16.2,8.5,7.0,12.9,16.4,11.6,12.4,Black,Female,75.3,917.9,9.2,13.4
2001,429.4,4.1,237.9,2.3,129.4,1.2,143.1,1.4,347.1,3.3,10.4,16.2,8.5,7.0,12.9,16.4,11.6,12.4,Black,Male,68.5,"1,380.5",9.2,13.4
2001,429.4,4.1,237.9,2.3,129.4,1.2,143.1,1.4,347.1,3.3,10.4,16.2,8.5,7.0,12.9,16.4,11.6,12.4,White,Both Sexes,77.5,840.7,9.2,13.4
2001,429.4,4.1,237.9,2.3,129.4,1.2,143.1,1.4,347.1,3.3,10.4,16.2,8.5,7.0,12.9,16.4,11.6,12.4,White,Female,80.0,710.4,9.2,13.4
2001,429.4,4.1,237.9,2.3,129.4,1.2,143.1,1.4,347.1,3.3,10.4,16.2,8.5,7.0,12.9,16.4,11.6,12.4,White,Male,74.9,"1,012.1",9.2,13.4
2002,452.1,4.2,253.7,2.3,147.5,1.4,180.3,1.7,378.9,3.5,10.9,16.8,8.9,7.7,13.3,16.6,12.2,12.4,All Races,Both Sexes,77.0,855.9,9.6,13.9
2002,452.1,4.2,253.7,2.3,147.5,1.4,180.3,1.7,378.9,3.5,10.9,16.8,8.9,7.7,13.3,16.6,12.2,12.4,All Races,Female,79.6,723.6,9.6,13.9
2002,452.1,4.2,253.7,2.3,147.5,1.4,180.3,1.7,378.9,3.5,10.9,16.8,8.9,7.7,13.3,16.6,12.2,12.4,All Races,Male,74.4,"1,030.6",9.6,13.9
2002,452.1,4.2,253.7,2.3,147.5,1.4,180.3,1.7,378.9,3.5,10.9,16.8,8.9,7.7,13.3,16.6,12.2,12.4,Black,Both Sexes,72.2,"1,097.3",9.6,13.9
2002,452.1,4.2,253.7,2.3,147.5,1.4,180.3,1.7,378.9,3.5,10.9,16.8,8.9,7.7,13.3,16.6,12.2,12.4,Black,Female,75.4,913.5,9.6,13.9
2002,452.1,4.2,253.7,2.3,147.5,1.4,180.3,1.7,378.9,3.5,10.9,16.8,8.9,7.7,13.3,16.6,12.2,12.4,Black,Male,68.7,"1,364.8",9.6,13.9
2002,452.1,4.2,253.7,2.3,147.5,1.4,180.3,1.7,378.9,3.5,10.9,16.8,8.9,7.7,13.3,16.6,12.2,12.4,White,Both Sexes,77.5,839.0,9.6,13.9
2002,452.1,4.2,253.7,2.3,147.5,1.4,180.3,1.7,378.9,3.5,10.9,16.8,8.9,7.7,13.3,16.6,12.2,12.4,White,Female,80.1,709.3,9.6,13.9
2002,452.1,4.2,253.7,2.3,147.5,1.4,180.3,1.7,378.9,3.5,10.9,16.8,8.9,7.7,13.3,16.6,12.2,12.4,White,Male,74.9,"1,009.0",9.6,13.9
2003,470.5,4.2,274.2,2.4,160.7,1.4,196.2,1.7,410.8,3.6,11.2,17.7,9.1,7.3,13.7,17.6,12.4,12.5,All Races,Both Sexes,77.6,843.5,10.0,14.8
2003,470.5,4.2,274.2,2.4,160.7,1.4,196.2,1.7,410.8,3.6,11.2,17.7,9.1,7.3,13.7,17.6,12.4,12.5,All Races,Female,79.7,715.2,10.0,14.8
2003,470.5,4.2,274.2,2.4,160.7,1.4,196.2,1.7,410.8,3.6,11.2,17.7,9.1,7.3,13.7,17.6,12.4,12.5,All Races,Male,74.5,"1,010.3",10.0,14.8
2003,470.5,4.2,274.2,2.4,160.7,1.4,196.2,1.7,410.8,3.6,11.2,17.7,9.1,7.3,13.7,17.6,12.4,12.5,Black,Both Sexes,72.4,"1,080.5",10.0,14.8
2003,470.5,4.2,274.2,2.4,160.7,1.4,196.2,1.7,410.8,3.6,11.2,17.7,9.1,7.3,13.7,17.6,12.4,12.5,Black,Female,75.7,898.3,10.0,14.8
2003,470.5,4.2,274.2,2.4,160.7,1.4,196.2,1.7,410.8,3.6,11.2,17.7,9.1,7.3,13.7,17.6,12.4,12.5,Black,Male,68.9,"1,343.5",10.0,14.8
2003,470.5,4.2,274.2,2.4,160.7,1.4,196.2,1.7,410.8,3.6,11.2,17.7,9.1,7.3,13.7,17.6,12.4,12.5,White,Both Sexes,77.7,827.1,10.0,14.8
2003,470.5,4.2,274.2,2.4,160.7,1.4,196.2,1.7,410.8,3.6,11.2,17.7,9.1,7.3,13.7,17.6,12.4,12.5,White,Female,80.2,701.6,10.0,14.8
2003,470.5,4.2,274.2,2.4,160.7,1.4,196.2,1.7,410.8,3.6,11.2,17.7,9.1,7.3,13.7,17.6,12.4,12.5,White,Male,75.1,988.8,10.0,14.8
2004,491.5,4.1,297.0,2.5,176.2,1.5,190.6,1.6,445.7,3.7,11.5,17.8,9.7,7.0,13.9,17.8,12.9,11.9,All Races,Both Sexes,77.5,813.7,10.2,14.8
2004,491.5,4.1,297.0,2.5,176.2,1.5,190.6,1.6,445.7,3.7,11.5,17.8,9.7,7.0,13.9,17.8,12.9,11.9,All Races,Female,80.1,690.5,10.2,14.8
2004,491.5,4.1,297.0,2.5,176.2,1.5,190.6,1.6,445.7,3.7,11.5,17.8,9.7,7.0,13.9,17.8,12.9,11.9,All Races,Male,75.0,973.3,10.2,14.8
2004,491.5,4.1,297.0,2.5,176.2,1.5,190.6,1.6,445.7,3.7,11.5,17.8,9.7,7.0,13.9,17.8,12.9,11.9,Black,Both Sexes,72.9,"1,043.8",10.2,14.8
2004,491.5,4.1,297.0,2.5,176.2,1.5,190.6,1.6,445.7,3.7,11.5,17.8,9.7,7.0,13.9,17.8,12.9,11.9,Black,Female,76.1,869.8,10.2,14.8
2004,491.5,4.1,297.0,2.5,176.2,1.5,190.6,1.6,445.7,3.7,11.5,17.8,9.7,7.0,13.9,17.8,12.9,11.9,Black,Male,69.4,"1,296.9",10.2,14.8
2004,491.5,4.1,297.0,2.5,176.2,1.5,190.6,1.6,445.7,3.7,11.5,17.8,9.7,7.0,13.9,17.8,12.9,11.9,White,Both Sexes,78.1,798.5,10.2,14.8
2004,491.5,4.1,297.0,2.5,176.2,1.5,190.6,1.6,445.7,3.7,11.5,17.8,9.7,7.0,13.9,17.8,12.9,11.9,White,Female,80.5,677.7,10.2,14.8
2004,491.5,4.1,297.0,2.5,176.2,1.5,190.6,1.6,445.7,3.7,11.5,17.8,9.7,7.0,13.9,17.8,12.9,11.9,White,Male,75.5,953.2,10.2,14.8
2005,518.7,4.0,335.1,2.6,181.7,1.4,196.9,1.5,481.2,3.7,11.1,17.4,9.1,7.3,14.1,17.8,13.0,12.3,All Races,Both Sexes,77.6,815.0,9.9,14.5
2005,518.7,4.0,335.1,2.6,181.7,1.4,196.9,1.5,481.2,3.7,11.1,17.4,9.1,7.3,14.1,17.8,13.0,12.3,All Races,Female,80.1,692.3,9.9,14.5
2005,518.7,4.0,335.1,2.6,181.7,1.4,196.9,1.5,481.2,3.7,11.1,17.4,9.1,7.3,14.1,17.8,13.0,12.3,All Races,Male,75.0,971.9,9.9,14.5
2005,518.7,4.0,335.1,2.6,181.7,1.4,196.9,1.5,481.2,3.7,11.1,17.4,9.1,7.3,14.1,17.8,13.0,12.3,Black,Both Sexes,73.0,"1,035.1",9.9,14.5
2005,518.7,4.0,335.1,2.6,181.7,1.4,196.9,1.5,481.2,3.7,11.1,17.4,9.1,7.3,14.1,17.8,13.0,12.3,Black,Female,76.2,862.7,9.9,14.5
2005,518.7,4.0,335.1,2.6,181.7,1.4,196.9,1.5,481.2,3.7,11.1,17.4,9.1,7.3,14.1,17.8,13.0,12.3,Black,Male,69.5,"1,281.3",9.9,14.5
2005,518.7,4.0,335.1,2.6,181.7,1.4,196.9,1.5,481.2,3.7,11.1,17.4,9.1,7.3,14.1,17.8,13.0,12.3,White,Both Sexes,78.0,801.1,9.9,14.5
2005,518.7,4.0,335.1,2.6,181.7,1.4,196.9,1.5,481.2,3.7,11.1,17.4,9.1,7.3,14.1,17.8,13.0,12.3,White,Female,80.5,680.9,9.9,14.5
2005,518.7,4.0,335.1,2.6,181.7,1.4,196.9,1.5,481.2,3.7,11.1,17.4,9.1,7.3,14.1,17.8,13.0,12.3,White,Male,75.5,952.9,9.9,14.5
2006,543.9,4.0,376.8,2.8,180.6,1.3,200.0,1.5,511.0,3.7,11.0,17.2,9.2,6.6,13.6,17.6,12.5,11.5,All Races,Both Sexes,77.8,791.8,9.8,14.6
2006,543.9,4.0,376.8,2.8,180.6,1.3,200.0,1.5,511.0,3.7,11.0,17.2,9.2,6.6,13.6,17.6,12.5,11.5,All Races,Female,80.3,672.2,9.8,14.6
2006,543.9,4.0,376.8,2.8,180.6,1.3,200.0,1.5,511.0,3.7,11.0,17.2,9.2,6.6,13.6,17.6,12.5,11.5,All Races,Male,75.2,943.4,9.8,14.6
2006,543.9,4.0,376.8,2.8,180.6,1.3,200.0,1.5,511.0,3.7,11.0,17.2,9.2,6.6,13.6,17.6,12.5,11.5,Black,Both Sexes,73.4,997.9,9.8,14.6
2006,543.9,4.0,376.8,2.8,180.6,1.3,200.0,1.5,511.0,3.7,11.0,17.2,9.2,6.6,13.6,17.6,12.5,11.5,Black,Female,76.7,828.4,9.8,14.6
2006,543.9,4.0,376.8,2.8,180.6,1.3,200.0,1.5,511.0,3.7,11.0,17.2,9.2,6.6,13.6,17.6,12.5,11.5,Black,Male,69.9,"1,239.5",9.8,14.6
2006,543.9,4.0,376.8,2.8,180.6,1.3,200.0,1.5,511.0,3.7,11.0,17.2,9.2,6.6,13.6,17.6,12.5,11.5,White,Both Sexes,78.3,779.3,9.8,14.6
2006,543.9,4.0,376.8,2.8,180.6,1.3,200.0,1.5,511.0,3.7,11.0,17.2,9.2,6.6,13.6,17.6,12.5,11.5,White,Female,80.7,662.3,9.8,14.6
2006,543.9,4.0,376.8,2.8,180.6,1.3,200.0,1.5,511.0,3.7,11.0,17.2,9.2,6.6,13.6,17.6,12.5,11.5,White,Male,75.8,925.8,9.8,14.6
2007,581.4,4.1,436.1,3.0,190.6,1.3,203.1,1.4,567.4,4.0,11.1,17.9,9.1,6.6,13.8,18.1,12.6,12.0,All Races,Both Sexes,78.1,775.3,9.8,15.0
2007,581.4,4.1,436.1,3.0,190.6,1.3,203.1,1.4,567.4,4.0,11.1,17.9,9.1,6.6,13.8,18.1,12.6,12.0,All Races,Female,80.6,658.1,9.8,15.0
2007,581.4,4.1,436.1,3.0,190.6,1.3,203.1,1.4,567.4,4.0,11.1,17.9,9.1,6.6,13.8,18.1,12.6,12.0,All Races,Male,75.5,922.9,9.8,15.0
2007,581.4,4.1,436.1,3.0,190.6,1.3,203.1,1.4,567.4,4.0,11.1,17.9,9.1,6.6,13.8,18.1,12.6,12.0,Black,Both Sexes,73.8,972.0,9.8,15.0
2007,581.4,4.1,436.1,3.0,190.6,1.3,203.1,1.4,567.4,4.0,11.1,17.9,9.1,6.6,13.8,18.1,12.6,12.0,Black,Female,77.0,808.1,9.8,15.0
2007,581.4,4.1,436.1,3.0,190.6,1.3,203.1,1.4,567.4,4.0,11.1,17.9,9.1,6.6,13.8,18.1,12.6,12.0,Black,Male,70.3,"1,204.8",9.8,15.0
2007,581.4,4.1,436.1,3.0,190.6,1.3,203.1,1.4,567.4,4.0,11.1,17.9,9.1,6.6,13.8,18.1,12.6,12.0,White,Both Sexes,78.5,764.3,9.8,15.0
2007,581.4,4.1,436.1,3.0,190.6,1.3,203.1,1.4,567.4,4.0,11.1,17.9,9.1,6.6,13.8,18.1,12.6,12.0,White,Female,80.9,649.4,9.8,15.0
2007,581.4,4.1,436.1,3.0,190.6,1.3,203.1,1.4,567.4,4.0,11.1,17.9,9.1,6.6,13.8,18.1,12.6,12.0,White,Male,76.0,907.1,9.8,15.0
2008,612.1,4.1,456.0,3.1,201.4,1.4,260.7,1.8,594.1,4.0,12.0,18.8,10.1,6.7,14.4,19.2,13.2,11.9,All Races,Both Sexes,78.2,774.9,10.3,15.7
2008,612.1,4.1,456.0,3.1,201.4,1.4,260.7,1.8,594.1,4.0,12.0,18.8,10.1,6.7,14.4,19.2,13.2,11.9,All Races,Female,80.6,660.0,10.3,15.7
2008,612.1,4.1,456.0,3.1,201.4,1.4,260.7,1.8,594.1,4.0,12.0,18.8,10.1,6.7,14.4,19.2,13.2,11.9,All Races,Male,75.6,918.8,10.3,15.7
2008,612.1,4.1,456.0,3.1,201.4,1.4,260.7,1.8,594.1,4.0,12.0,18.8,10.1,6.7,14.4,19.2,13.2,11.9,Black,Both Sexes,74.3,947.6,10.3,15.7
2008,612.1,4.1,456.0,3.1,201.4,1.4,260.7,1.8,594.1,4.0,12.0,18.8,10.1,6.7,14.4,19.2,13.2,11.9,Black,Female,77.3,792.0,10.3,15.7
2008,612.1,4.1,456.0,3.1,201.4,1.4,260.7,1.8,594.1,4.0,12.0,18.8,10.1,6.7,14.4,19.2,13.2,11.9,Black,Male,70.9,"1,168.0",10.3,15.7
2008,612.1,4.1,456.0,3.1,201.4,1.4,260.7,1.8,594.1,4.0,12.0,18.8,10.1,6.7,14.4,19.2,13.2,11.9,White,Both Sexes,78.5,767.2,10.3,15.7
2008,612.1,4.1,456.0,3.1,201.4,1.4,260.7,1.8,594.1,4.0,12.0,18.8,10.1,6.7,14.4,19.2,13.2,11.9,White,Female,80.9,653.7,10.3,15.7
2008,612.1,4.1,456.0,3.1,201.4,1.4,260.7,1.8,594.1,4.0,12.0,18.8,10.1,6.7,14.4,19.2,13.2,11.9,White,Male,76.1,907.1,10.3,15.7
2009,677.7,4.7,499.9,3.5,250.9,1.7,350.2,2.4,683.6,4.7,13.0,20.4,11.2,6.6,15.6,21.0,14.6,10.7,All Races,Both Sexes,78.5,749.6,11.1,17.1
2009,677.7,4.7,499.9,3.5,250.9,1.7,350.2,2.4,683.6,4.7,13.0,20.4,11.2,6.6,15.6,21.0,14.6,10.7,All Races,Female,80.9,636.8,11.1,17.1
2009,677.7,4.7,499.9,3.5,250.9,1.7,350.2,2.4,683.6,4.7,13.0,20.4,11.2,6.6,15.6,21.0,14.6,10.7,All Races,Male,76.0,890.9,11.1,17.1
2009,677.7,4.7,499.9,3.5,250.9,1.7,350.2,2.4,683.6,4.7,13.0,20.4,11.2,6.6,15.6,21.0,14.6,10.7,Black,Both Sexes,74.7,912.8,11.1,17.1
2009,677.7,4.7,499.9,3.5,250.9,1.7,350.2,2.4,683.6,4.7,13.0,20.4,11.2,6.6,15.6,21.0,14.6,10.7,Black,Female,77.7,763.3,11.1,17.1
2009,677.7,4.7,499.9,3.5,250.9,1.7,350.2,2.4,683.6,4.7,13.0,20.4,11.2,6.6,15.6,21.0,14.6,10.7,Black,Male,71.4,"1,123.1",11.1,17.1
2009,677.7,4.7,499.9,3.5,250.9,1.7,350.2,2.4,683.6,4.7,13.0,20.4,11.2,6.6,15.6,21.0,14.6,10.7,White,Both Sexes,78.8,742.8,11.1,17.1
2009,677.7,4.7,499.9,3.5,250.9,1.7,350.2,2.4,683.6,4.7,13.0,20.4,11.2,6.6,15.6,21.0,14.6,10.7,White,Female,81.2,631.3,11.1,17.1
2009,677.7,4.7,499.9,3.5,250.9,1.7,350.2,2.4,683.6,4.7,13.0,20.4,11.2,6.6,15.6,21.0,14.6,10.7,White,Male,76.4,880.5,11.1,17.1
2010,700.8,4.7,520.5,3.5,272.8,1.8,437.3,2.9,727.1,4.9,14.0,22.2,12.0,6.7,16.3,21.9,15.5,10.7,All Races,Both Sexes,78.7,747.0,11.8,18.5
2010,700.8,4.7,520.5,3.5,272.8,1.8,437.3,2.9,727.1,4.9,14.0,22.2,12.0,6.7,16.3,21.9,15.5,10.7,All Races,Female,81.0,634.9,11.8,18.5
2010,700.8,4.7,520.5,3.5,272.8,1.8,437.3,2.9,727.1,4.9,14.0,22.2,12.0,6.7,16.3,21.9,15.5,10.7,All Races,Male,76.2,887.1,11.8,18.5
2010,700.8,4.7,520.5,3.5,272.8,1.8,437.3,2.9,727.1,4.9,14.0,22.2,12.0,6.7,16.3,21.9,15.5,10.7,Black,Both Sexes,75.1,898.2,11.8,18.5
2010,700.8,4.7,520.5,3.5,272.8,1.8,437.3,2.9,727.1,4.9,14.0,22.2,12.0,6.7,16.3,21.9,15.5,10.7,Black,Female,78.0,752.5,11.8,18.5
2010,700.8,4.7,520.5,3.5,272.8,1.8,437.3,2.9,727.1,4.9,14.0,22.2,12.0,6.7,16.3,21.9,15.5,10.7,Black,Male,71.8,"1,104.0",11.8,18.5
2010,700.8,4.7,520.5,3.5,272.8,1.8,437.3,2.9,727.1,4.9,14.0,22.2,12.0,6.7,16.3,21.9,15.5,10.7,White,Both Sexes,78.9,741.8,11.8,18.5
2010,700.8,4.7,520.5,3.5,272.8,1.8,437.3,2.9,727.1,4.9,14.0,22.2,12.0,6.7,16.3,21.9,15.5,10.7,White,Female,81.3,630.8,11.8,18.5
2010,700.8,4.7,520.5,3.5,272.8,1.8,437.3,2.9,727.1,4.9,14.0,22.2,12.0,6.7,16.3,21.9,15.5,10.7,White,Male,76.5,878.5,11.8,18.5
2011,724.9,4.7,559.6,3.6,275.0,1.8,404.0,2.6,763.5,4.9,13.6,21.6,11.8,6.2,16.3,22.2,15.5,10.7,All Races,Both Sexes,78.7,741.3,11.8,18.5
2011,724.9,4.7,559.6,3.6,275.0,1.8,404.0,2.6,763.5,4.9,13.6,21.6,11.8,6.2,16.3,22.2,15.5,10.7,All Races,Female,81.1,632.4,11.8,18.5
2011,724.9,4.7,559.6,3.6,275.0,1.8,404.0,2.6,763.5,4.9,13.6,21.6,11.8,6.2,16.3,22.2,15.5,10.7,All Races,Male,76.3,875.3,11.8,18.5
2011,724.9,4.7,559.6,3.6,275.0,1.8,404.0,2.6,763.5,4.9,13.6,21.6,11.8,6.2,16.3,22.2,15.5,10.7,Black,Both Sexes,75.3,877.1,11.8,18.5
2011,724.9,4.7,559.6,3.6,275.0,1.8,404.0,2.6,763.5,4.9,13.6,21.6,11.8,6.2,16.3,22.2,15.5,10.7,Black,Female,78.2,739.8,11.8,18.5
2011,724.9,4.7,559.6,3.6,275.0,1.8,404.0,2.6,763.5,4.9,13.6,21.6,11.8,6.2,16.3,22.2,15.5,10.7,Black,Male,72.2,"1,067.1",11.8,18.5
2011,724.9,4.7,559.6,3.6,275.0,1.8,404.0,2.6,763.5,4.9,13.6,21.6,11.8,6.2,16.3,22.2,15.5,10.7,White,Both Sexes,79.0,738.8,11.8,18.5
2011,724.9,4.7,559.6,3.6,275.0,1.8,404.0,2.6,763.5,4.9,13.6,21.6,11.8,6.2,16.3,22.2,15.5,10.7,White,Female,81.3,630.3,11.8,18.5
2011,724.9,4.7,559.6,3.6,275.0,1.8,404.0,2.6,763.5,4.9,13.6,21.6,11.8,6.2,16.3,22.2,15.5,10.7,White,Male,76.6,870.2,11.8,18.5
2012,767.7,4.8,551.1,3.4,250.5,1.6,353.6,2.2,725.8,4.5,13.6,21.3,11.9,6.6,16.3,22.3,15.4,11.0,All Races,Both Sexes,78.8,732.8,11.8,18.4
2012,767.7,4.8,551.1,3.4,250.5,1.6,353.6,2.2,725.8,4.5,13.6,21.3,11.9,6.6,16.3,22.3,15.4,11.0,All Races,Female,81.2,624.7,11.8,18.4
2012,767.7,4.8,551.1,3.4,250.5,1.6,353.6,2.2,725.8,4.5,13.6,21.3,11.9,6.6,16.3,22.3,15.4,11.0,All Races,Male,76.4,865.1,11.8,18.4
2012,767.7,4.8,551.1,3.4,250.5,1.6,353.6,2.2,725.8,4.5,13.6,21.3,11.9,6.6,16.3,22.3,15.4,11.0,Black,Both Sexes,75.5,864.8,11.8,18.4
2012,767.7,4.8,551.1,3.4,250.5,1.6,353.6,2.2,725.8,4.5,13.6,21.3,11.9,6.6,16.3,22.3,15.4,11.0,Black,Female,78.4,723.9,11.8,18.4
2012,767.7,4.8,551.1,3.4,250.5,1.6,353.6,2.2,725.8,4.5,13.6,21.3,11.9,6.6,16.3,22.3,15.4,11.0,Black,Male,72.3,"1,058.6",11.8,18.4
2012,767.7,4.8,551.1,3.4,250.5,1.6,353.6,2.2,725.8,4.5,13.6,21.3,11.9,6.6,16.3,22.3,15.4,11.0,White,Both Sexes,79.1,730.9,11.8,18.4
2012,767.7,4.8,551.1,3.4,250.5,1.6,353.6,2.2,725.8,4.5,13.6,21.3,11.9,6.6,16.3,22.3,15.4,11.0,White,Female,81.4,623.8,11.8,18.4
2012,767.7,4.8,551.1,3.4,250.5,1.6,353.6,2.2,725.8,4.5,13.6,21.3,11.9,6.6,16.3,22.3,15.4,11.0,White,Male,76.7,860.0,11.8,18.4
2013,807.8,4.8,585.2,3.5,265.4,1.6,339.5,2.0,767.6,4.6,13.2,21.5,11.2,7.5,16.3,21.5,15.4,12.3,All Races,Both Sexes,78.8,731.9,11.7,18.1
2013,807.8,4.8,585.2,3.5,265.4,1.6,339.5,2.0,767.6,4.6,13.2,21.5,11.2,7.5,16.3,21.5,15.4,12.3,All Races,Both Sexes,78.8,731.9,11.2,16.9
2013,807.8,4.8,585.2,3.5,265.4,1.6,339.5,2.0,767.6,4.6,13.2,21.5,11.2,7.5,16.3,21.5,15.4,12.3,All Races,Female,81.2,623.5,11.7,18.1
2013,807.8,4.8,585.2,3.5,265.4,1.6,339.5,2.0,767.6,4.6,13.2,21.5,11.2,7.5,16.3,21.5,15.4,12.3,All Races,Female,81.2,623.5,11.2,16.9
2013,807.8,4.8,585.2,3.5,265.4,1.6,339.5,2.0,767.6,4.6,13.2,21.5,11.2,7.5,16.3,21.5,15.4,12.3,All Races,Male,76.4,863.6,11.7,18.1
2013,807.8,4.8,585.2,3.5,265.4,1.6,339.5,2.0,767.6,4.6,13.2,21.5,11.2,7.5,16.3,21.5,15.4,12.3,All Races,Male,76.4,863.6,11.2,16.9
2013,807.8,4.8,585.2,3.5,265.4,1.6,339.5,2.0,767.6,4.6,13.2,21.5,11.2,7.5,16.3,21.5,15.4,12.3,Black,Both Sexes,75.5,860.8,11.7,18.1
2013,807.8,4.8,585.2,3.5,265.4,1.6,339.5,2.0,767.6,4.6,13.2,21.5,11.2,7.5,16.3,21.5,15.4,12.3,Black,Both Sexes,75.5,860.8,11.2,16.9
2013,807.8,4.8,585.2,3.5,265.4,1.6,339.5,2.0,767.6,4.6,13.2,21.5,11.2,7.5,16.3,21.5,15.4,12.3,Black,Female,78.4,720.6,11.7,18.1
2013,807.8,4.8,585.2,3.5,265.4,1.6,339.5,2.0,767.6,4.6,13.2,21.5,11.2,7.5,16.3,21.5,15.4,12.3,Black,Female,78.4,720.6,11.2,16.9
2013,807.8,4.8,585.2,3.5,265.4,1.6,339.5,2.0,767.6,4.6,13.2,21.5,11.2,7.5,16.3,21.5,15.4,12.3,Black,Male,72.3,"1,052.8",11.7,18.1
2013,807.8,4.8,585.2,3.5,265.4,1.6,339.5,2.0,767.6,4.6,13.2,21.5,11.2,7.5,16.3,21.5,15.4,12.3,Black,Male,72.3,"1,052.8",11.2,16.9
2013,807.8,4.8,585.2,3.5,265.4,1.6,339.5,2.0,767.6,4.6,13.2,21.5,11.2,7.5,16.3,21.5,15.4,12.3,White,Both Sexes,79.1,731.0,11.7,18.1
2013,807.8,4.8,585.2,3.5,265.4,1.6,339.5,2.0,767.6,4.6,13.2,21.5,11.2,7.5,16.3,21.5,15.4,12.3,White,Both Sexes,79.1,731.0,11.2,16.9
2013,807.8,4.8,585.2,3.5,265.4,1.6,339.5,2.0,767.6,4.6,13.2,21.5,11.2,7.5,16.3,21.5,15.4,12.3,White,Female,81.4,623.6,11.7,18.1
2013,807.8,4.8,585.2,3.5,265.4,1.6,339.5,2.0,767.6,4.6,13.2,21.5,11.2,7.5,16.3,21.5,15.4,12.3,White,Female,81.4,623.6,11.2,16.9
2013,807.8,4.8,585.2,3.5,265.4,1.6,339.5,2.0,767.6,4.6,13.2,21.5,11.2,7.5,16.3,21.5,15.4,12.3,White,Male,76.7,859.2,11.7,18.1
2013,807.8,4.8,585.2,3.5,265.4,1.6,339.5,2.0,767.6,4.6,13.2,21.5,11.2,7.5,16.3,21.5,15.4,12.3,White,Male,76.7,859.2,11.2,16.9
2013,807.8,4.8,585.2,3.5,265.4,1.6,339.5,2.0,767.6,4.6,13.1,19.8,11.8,6.8,15.8,20.0,15.3,11.6,All Races,Both Sexes,78.8,731.9,11.7,18.1
2013,807.8,4.8,585.2,3.5,265.4,1.6,339.5,2.0,767.6,4.6,13.1,19.8,11.8,6.8,15.8,20.0,15.3,11.6,All Races,Both Sexes,78.8,731.9,11.2,16.9
2013,807.8,4.8,585.2,3.5,265.4,1.6,339.5,2.0,767.6,4.6,13.1,19.8,11.8,6.8,15.8,20.0,15.3,11.6,All Races,Female,81.2,623.5,11.7,18.1
2013,807.8,4.8,585.2,3.5,265.4,1.6,339.5,2.0,767.6,4.6,13.1,19.8,11.8,6.8,15.8,20.0,15.3,11.6,All Races,Female,81.2,623.5,11.2,16.9
2013,807.8,4.8,585.2,3.5,265.4,1.6,339.5,2.0,767.6,4.6,13.1,19.8,11.8,6.8,15.8,20.0,15.3,11.6,All Races,Male,76.4,863.6,11.7,18.1
2013,807.8,4.8,585.2,3.5,265.4,1.6,339.5,2.0,767.6,4.6,13.1,19.8,11.8,6.8,15.8,20.0,15.3,11.6,All Races,Male,76.4,863.6,11.2,16.9
2013,807.8,4.8,585.2,3.5,265.4,1.6,339.5,2.0,767.6,4.6,13.1,19.8,11.8,6.8,15.8,20.0,15.3,11.6,Black,Both Sexes,75.5,860.8,11.7,18.1
2013,807.8,4.8,585.2,3.5,265.4,1.6,339.5,2.0,767.6,4.6,13.1,19.8,11.8,6.8,15.8,20.0,15.3,11.6,Black,Both Sexes,75.5,860.8,11.2,16.9
2013,807.8,4.8,585.2,3.5,265.4,1.6,339.5,2.0,767.6,4.6,13.1,19.8,11.8,6.8,15.8,20.0,15.3,11.6,Black,Female,78.4,720.6,11.7,18.1
2013,807.8,4.8,585.2,3.5,265.4,1.6,339.5,2.0,767.6,4.6,13.1,19.8,11.8,6.8,15.8,20.0,15.3,11.6,Black,Female,78.4,720.6,11.2,16.9
2013,807.8,4.8,585.2,3.5,265.4,1.6,339.5,2.0,767.6,4.6,13.1,19.8,11.8,6.8,15.8,20.0,15.3,11.6,Black,Male,72.3,"1,052.8",11.7,18.1
2013,807.8,4.8,585.2,3.5,265.4,1.6,339.5,2.0,767.6,4.6,13.1,19.8,11.8,6.8,15.8,20.0,15.3,11.6,Black,Male,72.3,"1,052.8",11.2,16.9
2013,807.8,4.8,585.2,3.5,265.4,1.6,339.5,2.0,767.6,4.6,13.1,19.8,11.8,6.8,15.8,20.0,15.3,11.6,White,Both Sexes,79.1,731.0,11.7,18.1
2013,807.8,4.8,585.2,3.5,265.4,1.6,339.5,2.0,767.6,4.6,13.1,19.8,11.8,6.8,15.8,20.0,15.3,11.6,White,Both Sexes,79.1,731.0,11.2,16.9
2013,807.8,4.8,585.2,3.5,265.4,1.6,339.5,2.0,767.6,4.6,13.1,19.8,11.8,6.8,15.8,20.0,15.3,11.6,White,Female,81.4,623.6,11.7,18.1
2013,807.8,4.8,585.2,3.5,265.4,1.6,339.5,2.0,767.6,4.6,13.1,19.8,11.8,6.8,15.8,20.0,15.3,11.6,White,Female,81.4,623.6,11.2,16.9
2013,807.8,4.8,585.2,3.5,265.4,1.6,339.5,2.0,767.6,4.6,13.1,19.8,11.8,6.8,15.8,20.0,15.3,11.6,White,Male,76.7,859.2,11.7,18.1
2013,807.8,4.8,585.2,3.5,265.4,1.6,339.5,2.0,767.6,4.6,13.1,19.8,11.8,6.8,15.8,20.0,15.3,11.6,White,Male,76.7,859.2,11.2,16.9
2014,844.9,4.8,599.8,3.4,301.5,1.7,310.9,1.8,831.0,4.8,13.4,21.2,11.6,7.4,16.1,21.1,15.3,12.1,All Races,Both Sexes,78.9,724.6,11.6,17.6
2014,844.9,4.8,599.8,3.4,301.5,1.7,310.9,1.8,831.0,4.8,13.4,21.2,11.6,7.4,16.1,21.1,15.3,12.1,All Races,Female,81.3,616.7,11.6,17.6
2014,844.9,4.8,599.8,3.4,301.5,1.7,310.9,1.8,831.0,4.8,13.4,21.2,11.6,7.4,16.1,21.1,15.3,12.1,All Races,Male,76.5,855.1,11.6,17.6
2014,844.9,4.8,599.8,3.4,301.5,1.7,310.9,1.8,831.0,4.8,13.4,21.2,11.6,7.4,16.1,21.1,15.3,12.1,Black,Both Sexes,75.6,849.3,11.6,17.6
2014,844.9,4.8,599.8,3.4,301.5,1.7,310.9,1.8,831.0,4.8,13.4,21.2,11.6,7.4,16.1,21.1,15.3,12.1,Black,Female,78.5,713.3,11.6,17.6
2014,844.9,4.8,599.8,3.4,301.5,1.7,310.9,1.8,831.0,4.8,13.4,21.2,11.6,7.4,16.1,21.1,15.3,12.1,Black,Male,72.5,"1,034.0",11.6,17.6
2014,844.9,4.8,599.8,3.4,301.5,1.7,310.9,1.8,831.0,4.8,13.4,21.2,11.6,7.4,16.1,21.1,15.3,12.1,White,Both Sexes,79.1,725.4,11.6,17.6
2014,844.9,4.8,599.8,3.4,301.5,1.7,310.9,1.8,831.0,4.8,13.4,21.2,11.6,7.4,16.1,21.1,15.3,12.1,White,Female,81.4,617.6,11.6,17.6
2014,844.9,4.8,599.8,3.4,301.5,1.7,310.9,1.8,831.0,4.8,13.4,21.2,11.6,7.4,16.1,21.1,15.3,12.1,White,Male,76.7,853.4,11.6,17.6
2015,881.9,4.9,634.1,3.5,349.8,1.9,301.0,1.7,936.5,5.2,12.2,19.5,10.5,7.0,14.8,19.9,14.2,10.3,All Races,Both Sexes,78.7,733.1,10.4,16.3
2015,881.9,4.9,634.1,3.5,349.8,1.9,301.0,1.7,936.5,5.2,12.2,19.5,10.5,7.0,14.8,19.9,14.2,10.3,All Races,Female,81.1,624.2,10.4,16.3
2015,881.9,4.9,634.1,3.5,349.8,1.9,301.0,1.7,936.5,5.2,12.2,19.5,10.5,7.0,14.8,19.9,14.2,10.3,All Races,Male,76.3,863.2,10.4,16.3
2015,881.9,4.9,634.1,3.5,349.8,1.9,301.0,1.7,936.5,5.2,12.2,19.5,10.5,7.0,14.8,19.9,14.2,10.3,Black,Both Sexes,75.5,851.9,10.4,16.3
2015,881.9,4.9,634.1,3.5,349.8,1.9,301.0,1.7,936.5,5.2,12.2,19.5,10.5,7.0,14.8,19.9,14.2,10.3,Black,Female,78.5,710.8,10.4,16.3
2015,881.9,4.9,634.1,3.5,349.8,1.9,301.0,1.7,936.5,5.2,12.2,19.5,10.5,7.0,14.8,19.9,14.2,10.3,Black,Male,72.2,"1,040.3",10.4,16.3
2015,881.9,4.9,634.1,3.5,349.8,1.9,301.0,1.7,936.5,5.2,12.2,19.5,10.5,7.0,14.8,19.9,14.2,10.3,White,Both Sexes,78.9,735.0,10.4,16.3
2015,881.9,4.9,634.1,3.5,349.8,1.9,301.0,1.7,936.5,5.2,12.2,19.5,10.5,7.0,14.8,19.9,14.2,10.3,White,Female,81.3,627.0,10.4,16.3
2015,881.9,4.9,634.1,3.5,349.8,1.9,301.0,1.7,936.5,5.2,12.2,19.5,10.5,7.0,14.8,19.9,14.2,10.3,White,Male,76.6,861.9,10.4,16.3
2016,910.3,4.9,692.5,3.7,368.3,2.0,303.7,1.6,"1,012.6",5.4,11.3,17.6,9.7,7.6,14.0,18.4,13.4,10.6,All Races,Both Sexes,78.7,728.8,9.8,15.0
2016,910.3,4.9,692.5,3.7,368.3,2.0,303.7,1.6,"1,012.6",5.4,11.3,17.6,9.7,7.6,14.0,18.4,13.4,10.6,All Races,Female,81.1,617.5,9.8,15.0
2016,910.3,4.9,692.5,3.7,368.3,2.0,303.7,1.6,"1,012.6",5.4,11.3,17.6,9.7,7.6,14.0,18.4,13.4,10.6,All Races,Male,76.2,861.0,9.8,15.0
2016,910.3,4.9,692.5,3.7,368.3,2.0,303.7,1.6,"1,012.6",5.4,11.3,17.6,9.7,7.6,14.0,18.4,13.4,10.6,Black,Both Sexes,75.3,857.2,9.8,15.0
2016,910.3,4.9,692.5,3.7,368.3,2.0,303.7,1.6,"1,012.6",5.4,11.3,17.6,9.7,7.6,14.0,18.4,13.4,10.6,Black,Female,78.3,712.9,9.8,15.0
2016,910.3,4.9,692.5,3.7,368.3,2.0,303.7,1.6,"1,012.6",5.4,11.3,17.6,9.7,7.6,14.0,18.4,13.4,10.6,Black,Male,72.0,"1,049.5",9.8,15.0
2016,910.3,4.9,692.5,3.7,368.3,2.0,303.7,1.6,"1,012.6",5.4,11.3,17.6,9.7,7.6,14.0,18.4,13.4,10.6,White,Both Sexes,78.9,729.9,9.8,15.0
2016,910.3,4.9,692.5,3.7,368.3,2.0,303.7,1.6,"1,012.6",5.4,11.3,17.6,9.7,7.6,14.0,18.4,13.4,10.6,White,Female,81.3,619.4,9.8,15.0
2016,910.3,4.9,692.5,3.7,368.3,2.0,303.7,1.6,"1,012.6",5.4,11.3,17.6,9.7,7.6,14.0,18.4,13.4,10.6,White,Male,76.4,858.9,9.8,15.0
2017,939.2,4.8,702.3,3.6,374.7,1.9,293.8,1.5,"1,030.4",5.3,10.9,17.1,9.3,7.6,13.6,17.6,12.8,11.2,All Races,Both Sexes,78.6,731.9,9.3,14.2
2017,939.2,4.8,702.3,3.6,374.7,1.9,293.8,1.5,"1,030.4",5.3,10.9,17.1,9.3,7.6,13.6,17.6,12.8,11.2,All Races,Female,81.1,619.7,9.3,14.2
2017,939.2,4.8,702.3,3.6,374.7,1.9,293.8,1.5,"1,030.4",5.3,10.9,17.1,9.3,7.6,13.6,17.6,12.8,11.2,All Races,Male,76.1,864.5,9.3,14.2
2017,939.2,4.8,702.3,3.6,374.7,1.9,293.8,1.5,"1,030.4",5.3,10.9,17.1,9.3,7.6,13.6,17.6,12.8,11.2,Black,Both Sexes,75.3,854.1,9.3,14.2
2017,939.2,4.8,702.3,3.6,374.7,1.9,293.8,1.5,"1,030.4",5.3,10.9,17.1,9.3,7.6,13.6,17.6,12.8,11.2,Black,Female,78.5,706.1,9.3,14.2
2017,939.2,4.8,702.3,3.6,374.7,1.9,293.8,1.5,"1,030.4",5.3,10.9,17.1,9.3,7.6,13.6,17.6,12.8,11.2,Black,Male,71.9,"1,049.5",9.3,14.2
2017,939.2,4.8,702.3,3.6,374.7,1.9,293.8,1.5,"1,030.4",5.3,10.9,17.1,9.3,7.6,13.6,17.6,12.8,11.2,White,Both Sexes,78.8,734.5,9.3,14.2
2017,939.2,4.8,702.3,3.6,374.7,1.9,293.8,1.5,"1,030.4",5.3,10.9,17.1,9.3,7.6,13.6,17.6,12.8,11.2,White,Female,81.2,623.5,9.3,14.2
2017,939.2,4.8,702.3,3.6,374.7,1.9,293.8,1.5,"1,030.4",5.3,10.9,17.1,9.3,7.6,13.6,17.6,12.8,11.2,White,Male,76.4,863.4,9.3,14.2
2018,982,4.8,704.5,3.4,389.2,1.9,285.2,1.4,"1,037.6",5.1,10.6,16.2,9.0,8.1,12.9,16.2,12.3,11.1,All Races,Both Sexes,78.7,723.6,9.0,13.6
2018,982,4.8,704.5,3.4,389.2,1.9,285.2,1.4,"1,037.6",5.1,10.6,16.2,9.0,8.1,12.9,16.2,12.3,11.1,All Races,Female,81.2,611.3,9.0,13.6
2018,982,4.8,704.5,3.4,389.2,1.9,285.2,1.4,"1,037.6",5.1,10.6,16.2,9.0,8.1,12.9,16.2,12.3,11.1,All Races,Male,76.2,855.5,9.0,13.6
2018,982,4.8,704.5,3.4,389.2,1.9,285.2,1.4,"1,037.6",5.1,10.6,16.2,9.0,8.1,12.9,16.2,12.3,11.1,Black,Both Sexes,,852.9,9.0,13.6
2018,982,4.8,704.5,3.4,389.2,1.9,285.2,1.4,"1,037.6",5.1,10.6,16.2,9.0,8.1,12.9,16.2,12.3,11.1,Black,Female,,702.6,9.0,13.6
2018,982,4.8,704.5,3.4,389.2,1.9,285.2,1.4,"1,037.6",5.1,10.6,16.2,9.0,8.1,12.9,16.2,12.3,11.1,Black,Male,,"1,051.5",9.0,13.6
2018,982,4.8,704.5,3.4,389.2,1.9,285.2,1.4,"1,037.6",5.1,10.6,16.2,9.0,8.1,12.9,16.2,12.3,11.1,White,Both Sexes,,725.4,9.0,13.6
2018,982,4.8,704.5,3.4,389.2,1.9,285.2,1.4,"1,037.6",5.1,10.6,16.2,9.0,8.1,12.9,16.2,12.3,11.1,White,Female,,614.6,9.0,13.6
2018,982,4.8,704.5,3.4,389.2,1.9,285.2,1.4,"1,037.6",5.1,10.6,16.2,9.0,8.1,12.9,16.2,12.3,11.1,White,Male,,853.1,9.0,13.6
